RRN,Same as RRN,Male ID (parser),Scientific Name,Track Number,Start Time,BLANK,BLANK,Recordist ,BLANK,BLANK,BLANK,BLANK,Day,Month,Year,BLANK,BLANK,Country,State,County,BLANK,BLANK,City,Location,Latitude,Longitude,BLANK,#Song,# Males,#Females,Other species in the background,Notes,Parser's notes,Parser,Associated files
,,,,,,,,,,,,,,,,,,,,,,,,,,,,,,,,,,,
JS-20120425-1001-M1,,M001,Carpodacus mexicanus,1001,,,,"Song, Jackie",,,,,25,April,2012,,,United States of America,California,Torrey Hills,,,San Diego,4802 Yearling Glen Rd,32.925398,-117.216905,,16,,,,flew to 11377 Pacific Shores Way,,"Roginek, Eric",SongJackie\JackieSong- California 2012\4-25-2012
JS-20120425-1004-M2,,M002,Carpodacus mexicanus,1004,,,,"Song, Jackie",,,,,25,April,2012,,,United States of America,California,Torrey Hills,,,San Diego,Ocean Air Community Park,32.715738,-117.161084,,3,,,,,,"Roginek, Eric",
JS-20120425-1004-M3,,M003,Carpodacus mexicanus,1004,,,,"Song, Jackie",,,,,25,April,2012,,,United States of America,California,Torrey Hills,,,San Diego,4833 Fairport Way,32.925697,-117.215839,,4,,,,near Nantucket Pkwy,,"Roginek, Eric",
JS-20120425-1004-M4,,M004,Carpodacus mexicanus,1004,,,,"Song, Jackie",,,,,25,April,2012,,,United States of America,California,Torrey Hills,,,San Diego,4832 Nantucket Pkwy,32.926218,-117.215882,,5,,,,"on Fairport Way, might be the same as M3",,"Roginek, Eric",
JS-20120426-1001-M1,,M005,Carpodacus mexicanus,1001,,,,"Song, Jackie",,,,,26,April,2012,,,United States of America,California,UCSD Campus,,,San Diego,Medical Education and Telemedicine Building,32.875334,-117.234828,,8,,,,,,"Roginek, Eric",SongJackie\JackieSong- California 2012\4-26-2012
JS-20120426-1002-M2,,M006,Carpodacus mexicanus,1002,,,,"Song, Jackie",,,,,26,April,2012,,,United States of America,California,UCSD Campus,,,San Diego,Medical Education and Telemedicine Building,32.875334,-117.234828,,5,,,,,,"Roginek, Eric",
JS-20120426-1005-M3,,M007,Carpodacus mexicanus,1005,,,,"Song, Jackie",,,,,26,April,2012,,,United States of America,California,UCSD Campus,,,San Diego,Galbrath Hall,32.873801,-117.240975,,4,,,,Dance and Theater Building,,"Roginek, Eric",
JS-20120426-1005-M4,,M008,Carpodacus mexicanus,1005,,,,"Song, Jackie",,,,,26,April,2012,,,United States of America,California,UCSD Campus,,,San Diego,Galbrath Hall,32.873801,-117.240975,,7,,,,Dance and Theater Building,,"Roginek, Eric",
JS-20120426-1006-M5,,M009,Carpodacus mexicanus,1006,,,,"Song, Jackie",,,,,26,April,2012,,,United States of America,California,UCSD Campus,,,San Diego,Argo Hall,32.874394,-117.241598,,23,,,,between Argo and Blake Hall,,"Roginek, Eric",
JS-20120426-1007-M6,,M010,Carpodacus mexicanus,1007,,,,"Song, Jackie",,,,,26,April,2012,,,United States of America,California,UCSD Campus,,,San Diego,Argo Hall,32.874394,-117.241598,,3,,,,could be the same as M5,,"Roginek, Eric",
JS-20120426-1009-M7,,M011,Carpodacus mexicanus,1009,,,,"Song, Jackie",,,,,26,April,2012,,,United States of America,California,UCSD Campus,,,San Diego,Recreational Gymnasium,32.715738,-117.161084,,2,,,,"Difficult to tell which bird between 7, 8 and 9",,"Roginek, Eric",
JS-20120426-1009-M8,,M012,Carpodacus mexicanus,1009,,,,"Song, Jackie",,,,,26,April,2012,,,United States of America,California,UCSD Campus,,,San Diego,Recreational Gymnasium,32.715738,-117.161084,,5,,,,"Difficult to tell which bird between 7, 8 and 9",,"Roginek, Eric",
JS-20120426-1009-M9,,M013,Carpodacus mexicanus,1009,,,,"Song, Jackie",,,,,26,April,2012,,,United States of America,California,UCSD Campus,,,San Diego,Recreational Gymnasium,32.715738,-117.161084,,3,,,,"Difficult to tell which bird between 7, 8 and 9",,"Roginek, Eric",
JS-20120426-1011-M11,,M014,Carpodacus mexicanus,1011,,,,"Song, Jackie",,,,,26,April,2012,,,United States of America,California,UCSD Campus,,,San Diego,Urey Hall,32.875563,-117.241064,,10,,,,,,"Roginek, Eric",
JS-20120426-1012-M11,JS-20120426-1011-M11,M014,Carpodacus mexicanus,1012,,,,"Song, Jackie",,,,,26,April,2012,,,United States of America,California,UCSD Campus,,,San Diego,Urey Hall,32.875563,-117.241064,,6,,,,Believes it’s the same bird as M11,,"Roginek, Eric",
JS-20120426-1013-M12,,M015,Carpodacus mexicanus,1013,,,,"Song, Jackie",,,,,26,April,2012,,,United States of America,California,UCSD Campus,,,San Diego,Argo Hall,32.874394,-117.241598,,23,,,,"between Argo and Blake Hall, same tree (possibly same bird[s]?) from Argo Hall and Blake Hall, scratch the original recording for this bird",,"Roginek, Eric",
JS-20120426-1015-M14,,M016,Carpodacus mexicanus,1015,,,,"Song, Jackie",,,,,26,April,2012,,,United States of America,California,UCSD Campus,,,San Diego,1129 Colusa St,32.766676,-117.189989,,8,,,,,Jackie skipped naming M13,"Roginek, Eric",
JS-20120426-1016-M14,JS-20120426-1015-M14,M016,Carpodacus mexicanus,1016,,,,"Song, Jackie",,,,,26,April,2012,,,United States of America,California,UCSD Campus,,,San Diego,1129 Colusa St,32.766676,-117.189989,,3,,,,"near Gaines St, same as previous bird",Several finches are singing in the background of this recording,"Roginek, Eric",
JS-20120426-1017-M15,,M017,Carpodacus mexicanus,1017,,,,"Song, Jackie",,,,,26,April,2012,,,United States of America,California,UCSD Campus,,,San Diego,1065 Fesno St,32.766048,-117.187231,,9,,,,near Friars St and a tennis court,,"Roginek, Eric",
JS-20120426-1020-M16,,M018,Carpodacus mexicanus,1020,,,,"Song, Jackie",,,,,26,April,2012,,,United States of America,California,UCSD Campus,,,San Diego,5675 Gaines St,32.76598,-117.190203,,8,,,,,"Different bird than previous recording, but Jackie accidently gave it the same name (M16)","Roginek, Eric",
JS-20120426-1021-M17,,M019,Carpodacus mexicanus,1021,,,,"Song, Jackie",,,,,26,April,2012,,,United States of America,California,UCSD Campus,,,San Diego,5675 Gaines St,32.76598,-117.190203,,11,,,,,,"Roginek, Eric",
JS-20120426-1022-M18,,M020,Carpodacus mexicanus,1022,,,,"Song, Jackie",,,,,26,April,2012,,,United States of America,California,UCSD Campus,,,San Diego,5555 Mildred St,32.767895,-117.192781,,7,,,,San Diego County Credit Union,,"Roginek, Eric",
JS-20120426-1023-M19,,M021,Carpodacus mexicanus,1023,,,,"Song, Jackie",,,,,26,April,2012,,,United States of America,California,UCSD Campus,,,San Diego,5555 Mildred St,32.767895,-117.192781,,7,,,,San Diego County Credit Union,,"Roginek, Eric",
JS-20120426-1024-M20,,M022,Carpodacus mexicanus,1024,,,,"Song, Jackie",,,,,26,April,2012,,,United States of America,California,San Diego County,,,San Diego,Josephine St & Mildred St,32.768301,-117.191474,,2,,,,Church of Christ,,"Roginek, Eric",
JS-20120426-1025-M21,,M023,Carpodacus mexicanus,1025,,,,"Song, Jackie",,,,,26,April,2012,,,United States of America,California,San Diego County,,,San Diego,5660 Mildred St,32.768526,-117.191191,,16,,,,near Colusa St,,"Roginek, Eric",
JS-20120426-1026-M22,,M024,Carpodacus mexicanus,1026,,,,"Song, Jackie",,,,,26,April,2012,,,United States of America,California,San Diego County,,,San Diego,5678 Mildred St,32.76843,-117.190973,,1,,,,near Colusa St,Jackie and Andy are debating the specific location,"Roginek, Eric",
JS-20120426-1027-M1,,M025,Carpodacus mexicanus,1027,,,,"Song, Jackie",,,,,26,April,2012,,,United States of America,California,San Diego County,,,San Diego,1011 Anchorage Ln,32.719072,-117.229901,,4,,,,San Diego Yacht Club,,"Roginek, Eric",
JS-20120426-1027-M2,,M026,Carpodacus mexicanus,1027,,,,"Song, Jackie",,,,,26,April,2012,,,United States of America,California,San Diego County,,,San Diego,989 Scott St,32.719124,-117.231875,,3,,,,"M1 & M2 might be the same bird, cant tell",,"Roginek, Eric",
JS-20120426-1027-M3,,M027,Carpodacus mexicanus,1027,,,,"Song, Jackie",,,,,26,April,2012,,,United States of America,California,San Diego County,,,San Diego,2905 Upshur St,32.720352,-117.231472,,4,,,,near Scott,,"Roginek, Eric",
JS-20120426-1028-M3,JS-20120426-1027-M3,M027,Carpodacus mexicanus,1028,,,,"Song, Jackie",,,,,26,April,2012,,,United States of America,California,San Diego County,,,San Diego,2905 Upshur St,32.720352,-117.231472,,3,,,,near Scott,,"Roginek, Eric",
JS-20120426-1029-M3a,,M028,Carpodacus mexicanus,1029,,,,"Song, Jackie",,,,,26,April,2012,,,United States of America,California,San Diego County,,,San Diego,1001 Anchorage Ln,32.719191,-117.230787,,5,,,,parallel to Scott St,"Address recorded was unspecific, naming error - different bird than previous recording, named M3a to differentiate","Roginek, Eric",
JS-20120426-1030-M4,,M029,Carpodacus mexicanus,1030,,,,"Song, Jackie",,,,,26,April,2012,,,United States of America,California,San Diego County,,,San Diego,1001 Anchorage Ln,32.719191,-117.230787,,9,,,,,,"Roginek, Eric",
JS-20120426-1033-M5,,M030,Carpodacus mexicanus,1033,,,,"Song, Jackie",,,,,26,April,2012,,,United States of America,California,San Diego County,,,San Diego,2806 Shelter Island Dr,32.721746,-117.229004,,1,,,,"Near Shafter St, Umi Sushi",,"Roginek, Eric",
JS-20120426-1033-M6,,M031,Carpodacus mexicanus,1033,,,,"Song, Jackie",,,,,26,April,2012,,,United States of America,California,San Diego County,,,San Diego,2818 Avenida De Portugal,32.721322,-117.229584,,7,,,,Portugese American Social and Civil Club,,"Roginek, Eric",
JS-20120426-1034-M6,JS-20120426-1033-M6,M031,Carpodacus mexicanus,1034,,,,"Song, Jackie",,,,,26,April,2012,,,United States of America,California,San Diego County,,,San Diego,2818 Avenida De Portugal,32.721322,-117.229584,,13,,,,Portugese American Social and Civil Club,,"Roginek, Eric",
JS-20120426-1035-M6,JS-20120426-1033-M6,M031,Carpodacus mexicanus,1035,,,,"Song, Jackie",,,,,26,April,2012,,,United States of America,California,San Diego County,,,San Diego,2818 Avenida De Portugal,32.721322,-117.229584,,1,,,,"Portugese American Social and Civil Club, could be the same as M5",,"Roginek, Eric",
JS-20120426-1037-M7,,M032,Carpodacus mexicanus,1037,,,,"Song, Jackie",,,,,26,April,2012,,,United States of America,California,San Diego County,,,San Diego,935 Armada Terrace,32.71994,-117.234178,,4,,,,near Cabrillo Elementary School,,"Roginek, Eric",
JS-20120426-1039-M1,,M033,Carpodacus mexicanus,1039,,,,"Song, Jackie",,,,,26,April,2012,,,United States of America,California,Univerisity of San Diego,,,San Diego,"Student Life Pavilion, near parking lot",32.715738,-117.161084,,2,,,,"Student Life Pavilion, near parking lot",Can't located specific address on Google,"Roginek, Eric",
JS-20120426-1040-M2,,M034,Carpodacus mexicanus,1040,,,,"Song, Jackie",,,,,26,April,2012,,,United States of America,California,Univerisity of San Diego,,,San Diego,Pardee Legal Research Center,32.771479,-117.187492,,3,,,,,,"Roginek, Eric",
JS-20120426-1040-M3,,M035,Carpodacus mexicanus,1040,,,,"Song, Jackie",,,,,26,April,2012,,,United States of America,California,Univerisity of San Diego,,,San Diego,Alumni Center,32.771525,-117.186649,,7,,,,Alumni Center,Can't located specific address on Google,"Roginek, Eric",
JS-20120426-1040-M4,,M036,Carpodacus mexicanus,1040,,,,"Song, Jackie",,,,,26,April,2012,,,United States of America,California,Univerisity of San Diego,,,San Diego,Hughs Administration Center,32.771194,-117.190435,,5,,,,in the parking lot,Visual Confirmation at S4; audacity file couldn't be saved?,"Roginek, Eric",
JS-20120426-1041-M4,JS-20120426-1040-M4,M036,Carpodacus mexicanus,1041,,,,"Song, Jackie",,,,,26,April,2012,,,United States of America,California,Univerisity of San Diego,,,San Diego,Hughs Administration Center,32.771194,-117.190435,,4,,,,in the parking lot,,"Roginek, Eric",
JS-20120426-1041-M5,,M037,Carpodacus mexicanus,1041,,,,"Song, Jackie",,,,,26,April,2012,,,United States of America,California,Univerisity of San Diego,,,San Diego,Hughs Administration Center,32.771194,-117.190435,,14,,,,"Faint recordings, couldn't really get a visual, but definitely different than previous bird",very weak singer,"Roginek, Eric",
JS-20120427-1002-M1,,M038,Carpodacus mexicanus,1002,,,,"Song, Jackie",,,,,27,April,2012,,,United States of America,California,San Diego County,,,"Cardiff, Encinitas",2342 Newport Ave,33.017416,-117.279957,,48,,,,,,"Roginek, Eric",
JS-20120427-1003-M1,JS-20120427-1002-M1,M038,Carpodacus mexicanus,1003,,,,"Song, Jackie",,,,,27,April,2012,,,United States of America,California,San Diego County,,,"Cardiff, Encinitas",2342 Newport Ave,33.017416,-117.279957,,20,,,,,,"Roginek, Eric",
JS-20120427-1003-M2,,M039,Carpodacus mexicanus,1003,,,,"Song, Jackie",,,,,27,April,2012,,,United States of America,California,San Diego County,,,"Cardiff, Encinitas",2366 Newport,33.016997,-117.279664,,7,,,,,,"Roginek, Eric",
JS-20120427-1004-M2,JS-20120427-1003-M2,M039,Carpodacus mexicanus,1004,,,,"Song, Jackie",,,,,27,April,2012,,,United States of America,California,San Diego County,,,"Cardiff, Encinitas",2366 Newport,33.016997,-117.279664,,23,,,,,,"Roginek, Eric",
JS-20120427-1005-M3,,M040,Carpodacus mexicanus,1005,,,,"Song, Jackie",,,,,27,April,2012,,,United States of America,California,San Diego County,,,"Cardiff, Encinitas",159 Kilkenny Dr,33.015225,-117.277612,,19,,,,"near Newport Ave, 3 blocks away from M1 & M2",,"Roginek, Eric",
JS-20120427-1006-M4,,M041,Carpodacus mexicanus,1006,,,,"Song, Jackie",,,,,27,April,2012,,,United States of America,California,San Diego County,,,"Cardiff, Encinitas",2405 Newport Ave,33.016663,-117.278781,,31,,,,near Dublin Dr,,"Roginek, Eric",
JS-20120427-1007-M5,,M042,Carpodacus mexicanus,1007,,,,"Song, Jackie",,,,,27,April,2012,,,United States of America,California,San Diego County,,,"Cardiff, Encinitas",252 Dublin Dr,33.017653,-117.27738,,10,,,,and Manchester Ave,,"Roginek, Eric",
JS-20120427-1007-M6,,M043,Carpodacus mexicanus,1007,,,,"Song, Jackie",,,,,27,April,2012,,,United States of America,California,San Diego County,,,"Cardiff, Encinitas",2306 Manchester Ave,33.018544,-117.278628,,11,,,,,,"Roginek, Eric",
JS-20120427-1008-M6,JS-20120427-1007-M6,M043,Carpodacus mexicanus,1008,,,,"Song, Jackie",,,,,27,April,2012,,,United States of America,California,San Diego County,,,"Cardiff, Encinitas",2306 Manchester Ave,33.018544,-117.278628,,2,,,,,,"Roginek, Eric",
JS-20120427-1008-M7,,M044,Carpodacus mexicanus,1008,,,,"Song, Jackie",,,,,27,April,2012,,,United States of America,California,San Diego County,,,"Cardiff, Encinitas",Montgomery & Liverpool Dr,33.022337,-117.279979,,3,,,,,,"Roginek, Eric",
JS-20120427-1009-M9,,M045,Carpodacus mexicanus,1009,,,,"Song, Jackie",,,,,27,April,2012,,,United States of America,California,San Diego County,,,"Cardiff, Encinitas",San Elijo Ave & Chesterfield Dr,33.019442,-117.2816,,13,,,,,,"Roginek, Eric",
JS-20120427-1011-M1,,M046,Carpodacus mexicanus,1011,,,,"Song, Jackie",,,,,27,April,2012,,,United States of America,California,San Diego County,,,Oceanside,1409 La Salina St,33.180596,-117.364472,,4,,,,near La Salina Pl,,"Roginek, Eric",
JS-20120427-1011-M2,,M047,Carpodacus mexicanus,1011,,,,"Song, Jackie",,,,,27,April,2012,,,United States of America,California,San Diego County,,,Oceanside,1409 La Salina St,33.180596,-117.364472,,5,,,,Bad recording,"unsure of address, not recorded in Jackie's notebook","Roginek, Eric",
JS-20120427-1011-M3,,M048,Carpodacus mexicanus,1011,,,,"Song, Jackie",,,,,27,April,2012,,,United States of America,California,San Diego County,,,Oceanside,1409 La Salina St,33.180596,-117.364472,,3,,,,Stopped singing when crow perched on same branch,"unsure of address, not recorded in Jackie's notebook","Roginek, Eric",
JS-20120427-1012-M4,,M049,Carpodacus mexicanus,1012,,,,"Song, Jackie",,,,,27,April,2012,,,United States of America,California,San Diego County,,,Oceanside,1409 La Salina St,33.180596,-117.364472,,3,,,,,"unsure of address, not recorded in Jackie's notebook","Roginek, Eric",
JS-20120427-1012-M4b,,M050,Carpodacus mexicanus,1012,,,,"Song, Jackie",,,,,27,April,2012,,,United States of America,California,San Diego County,,,Oceanside,1401 La Salina  St,33.180596,-117.364472,,3,,,,,"Different bird than previous recording, but Jackie accidently gave it the same name (M4). Named M4b to differentiate","Roginek, Eric",
JS-20120427-1013-M5,,M051,Carpodacus mexicanus,1013,,,,"Song, Jackie",,,,,27,April,2012,,,United States of America,California,San Diego County,,,Oceanside,1401 La Salina  St,33.180596,-117.364472,,2,,,,,"unsure of address, not recorded in Jackie's notebook","Roginek, Eric",
JS-20120427-1014-M6,,M052,Carpodacus mexicanus,1014,,,,"Song, Jackie",,,,,27,April,2012,,,United States of America,California,San Diego County,,,Oceanside,1401 La Salina  St,33.180596,-117.364472,,5,,,,Can't remember to call it M6 or M7,"unsure of address, not recorded in Jackie's notebook","Roginek, Eric",
JS-20120427-1014-M8,,M053,Carpodacus mexicanus,1014,,,,"Song, Jackie",,,,,27,April,2012,,,United States of America,California,San Diego County,,,Oceanside,1401 La Salina  St,33.180596,-117.364472,,5,,,,,"unsure of address, not recorded in Jackie's notebook","Roginek, Eric",
JS-20120427-1014-M9,,M054,Carpodacus mexicanus,1014,,,,"Song, Jackie",,,,,27,April,2012,,,United States of America,California,San Diego County,,,Oceanside,1411 La Salina St,33.180596,-117.364472,,6,,,,,,"Roginek, Eric",
JS-20120427-1015-M10,,M055,Carpodacus mexicanus,1015,,,,"Song, Jackie",,,,,27,April,2012,,,United States of America,California,San Diego County,,,Oceanside,1409 La Salina St,33.180596,-117.364472,,2,,,,,,"Roginek, Eric",
JS-20120427-1016-M11,,M056,Carpodacus mexicanus,1016,,,,"Song, Jackie",,,,,27,April,2012,,,United States of America,California,San Diego County,,,Oceanside,1403 Lucky St,33.182791,-117.364237,,13,,,,near California St,,"Roginek, Eric",
JS-20120427-1017-M12,,M057,Carpodacus mexicanus,1017,,,,"Song, Jackie",,,,,27,April,2012,,,United States of America,California,San Diego County,,,Oceanside,1531 Lucky St,33.181207,-117.361307,,4,,,,,,"Roginek, Eric",
JS-20120427-1017-M13,,M058,Carpodacus mexicanus,1017,,,,"Song, Jackie",,,,,27,April,2012,,,United States of America,California,San Diego County,,,Oceanside,1541 Lucky St,33.181474,-117.360801,,13,,,,,M13 has a lot of smaller songnotes,"Roginek, Eric",
JS-20120427-1019-M14,,M059,Carpodacus mexicanus,1019,,,,"Song, Jackie",,,,,27,April,2012,,,United States of America,California,San Diego County,,,Oceanside,1499 Stewart St ,33.183308,-117.360084,,16,,,,"between Camilia & California St, Lacked visual confirmation",,"Roginek, Eric",
JS-20120427-1020-M15,,M060,Carpodacus mexicanus,1020,,,,"Song, Jackie",,,,,27,April,2012,,,United States of America,California,San Diego County,,,Oceanside,1467 Machatto St,33.183282,-117.361737,,18,,,,,,"Roginek, Eric",
JS-20120427-1021-M15,JS-20120427-1020-M15,M060,Carpodacus mexicanus,1021,,,,"Song, Jackie",,,,,27,April,2012,,,United States of America,California,San Diego County,,,Oceanside,1467 Machatto St,33.183282,-117.361737,,25,,,,,,"Roginek, Eric",
JS-20120427-1022-M15,JS-20120427-1020-M15,M060,Carpodacus mexicanus,1022,,,,"Song, Jackie",,,,,27,April,2012,,,United States of America,California,San Diego County,,,Oceanside,1467 Machatto St,33.183282,-117.361737,,18,,,,,,"Roginek, Eric",
JS-20120427-1022-M16,,M061,Carpodacus mexicanus,1022,,,,"Song, Jackie",,,,,27,April,2012,,,United States of America,California,San Diego County,,,Oceanside,1442 Machatto St,33.184317,-117.361864,,2,,,,,,"Roginek, Eric",
JS-20120427-1023-M17,,M062,Carpodacus mexicanus,1023,,,,"Song, Jackie",,,,,27,April,2012,,,United States of America,California,San Diego County,,,Oceanside,1124 California St,33.183253,-117.360545,,10,,,,near the corner of Steward St,,"Roginek, Eric",
JS-20120427-1025-M18,,M063,Carpodacus mexicanus,1025,,,,"Song, Jackie",,,,,27,April,2012,,,United States of America,California,San Diego County,,,Oceanside,1405 La Salina Street,33.180597,-117.364336,,4,,,,near California St,,"Roginek, Eric",
JS-20120427-1026-M19,,M064,Carpodacus mexicanus,1026,,,,"Song, Jackie",,,,,27,April,2012,,,United States of America,California,San Diego County,,,Oceanside,California St & Marshall St,33.182277,-117.361775,,3,,,,,"unsure of address, not recorded in Jackie's notebook",,
JS-20120427-1026-M20,,M065,Carpodacus mexicanus,1026,,,,"Song, Jackie",,,,,27,April,2012,,,United States of America,California,San Diego County,,,Oceanside,California St & Marshall St,33.182277,-117.361775,,13,,,,,"unsure of address, not recorded in Jackie's notebook",,
JS-20120427-1027-M20,JS-20120427-1026-M20,M065,Carpodacus mexicanus,1027,,,,"Song, Jackie",,,,,27,April,2012,,,United States of America,California,San Diego County,,,Oceanside,California St & Marshall St,33.182277,-117.361775,,8,,,,"Unsure if it’s the same as M19, but suspects it is","unsure of address, not recorded in Jackie's notebook",,
JS-20120427-1031-M1,,M066,Carpodacus mexicanus,1031,,,,"Song, Jackie",,,,,27,April,2012,,,United States of America,California,North County,,,Escondido,,,,,5,,,,,"no address, not recorded in Jackie's notebook",,
JS-20120427-1031-M2,,M067,Carpodacus mexicanus,1031,,,,"Song, Jackie",,,,,27,April,2012,,,United States of America,California,North County,,,Escondido,951 S Tulip St,33.108327,-117.086906,,4,,,,near W 9th Ave,closer to W 10th Ave,,
JS-20120427-1032-M2,JS-20120427-1031-M2,M067,Carpodacus mexicanus,1032,,,,"Song, Jackie",,,,,27,April,2012,,,United States of America,California,North County,,,Escondido,951 S Tulip St,33.108327,-117.086906,,2,,,,,,,
JS-20120427-1032-M3,,M068,Carpodacus mexicanus,1032,,,,"Song, Jackie",,,,,27,April,2012,,,United States of America,California,North County,,,Escondido,951 S Tulip St,33.108327,-117.086906,,13,,,,Might be the same as M2,"assuming same address as M2, not recorded in Jackie's notebook",,
JS-20120427-1034-M4,,M069,Carpodacus mexicanus,1034,,,,"Song, Jackie",,,,,27,April,2012,,,United States of America,California,North County,,,Escondido,852 S Tulip St,33.109569,-117.087187,,9,,,,,,,
JS-20120427-1035-M4,JS-20120427-1034-M4,M069,Carpodacus mexicanus,1035,,,,"Song, Jackie",,,,,27,April,2012,,,United States of America,California,North County,,,Escondido,852 S Tulip St,33.109569,-117.087187,,8,,,,,,,
JS-20120427-1036-M5,,M070,Carpodacus mexicanus,1036,,,,"Song, Jackie",,,,,27,April,2012,,,United States of America,California,North County,,,Escondido,1025 S Spruce St,33.108461,-117.085181,,9,,,,near W 10th Ave,,,
JS-20120427-1037-M5,JS-20120427-1036-M5,M070,Carpodacus mexicanus,1037,,,,"Song, Jackie",,,,,27,April,2012,,,United States of America,California,North County,,,Escondido,1025 S Spruce St,33.108461,-117.085181,,1,,,,near W 10th Ave,,,
JS-20120427-1038-M6,,M071,Carpodacus mexicanus,1038,,,,"Song, Jackie",,,,,27,April,2012,,,United States of America,California,North County,,,Escondido,843 W 7th Ave,33.110822,-117.087789,,2,,,,,,,
JS-20120427-1038-M7,,M072,Carpodacus mexicanus,1038,,,,"Song, Jackie",,,,,27,April,2012,,,United States of America,California,North County,,,Escondido,810 W 7th Ave,33.11141,-117.087868,,10,,,,,,,
JS-20120427-1040-M8,,M073,Carpodacus mexicanus,1040,,,,"Song, Jackie",,,,,27,April,2012,,,United States of America,California,North County,,,Escondido,S Hale Ave & W 9th Ave,33.11222,-117.10722,,3,,,,opposite of Park Dale Apartments,,,
JS-20120427-1040-M9,,M074,Carpodacus mexicanus,1040,,,,"Song, Jackie",,,,,27,April,2012,,,United States of America,California,North County,,,Escondido,S Hale Ave & W 9th Ave,33.11222,-117.10722,,3,,,,"opposite of Park Dale Apartments, might be the same as M8",,,
JS-20120427-1040-M10,,M075,Carpodacus mexicanus,1040,,,,"Song, Jackie",,,,,27,April,2012,,,United States of America,California,North County,,,Escondido,S Hale Ave & W 9th Ave,33.11222,-117.10722,,4,,,,might be the same as M9 and M8,unsure if it's the same address,,
JS-20120427-1041-M10,JS-20120427-1040-M10,M075,Carpodacus mexicanus,1041,,,,"Song, Jackie",,,,,27,April,2012,,,United States of America,California,North County,,,Escondido,S Hale Ave & W 9th Ave,33.11222,-117.10722,,4,,,,,unsure if it's the same address,,
JS-20120427-1043-M11,,M076,Carpodacus mexicanus,1043,,,,"Song, Jackie",,,,,27,April,2012,,,United States of America,California,North County,,,Escondido,S Redwood St & 5th Ave,33.113776,-117.086162,,6,,,,recorded in an alleyway ,,,
JS-20120427-1043-M12,,M077,Carpodacus mexicanus,1043,,,,"Song, Jackie",,,,,27,April,2012,,,United States of America,California,North County,,,Escondido,S Redwood St and S Quince St,33.113776,-117.086162,,7,,,,"recorded in an alleyway between S Redwood St and S Quince St, 5th ave and 6th ave same spot as M11",,,
JS-20120427-1044-M12,JS-20120427-1043-M12,M077,Carpodacus mexicanus,1044,,,,"Song, Jackie",,,,,27,April,2012,,,United States of America,California,North County,,,Escondido,S Redwood St and S Quince St,33.113776,-117.086162,,20,,,,"recorded in an alleyway between S Redwood St and S Quince St, 5th ave and 6th ave same spot as M11",,,
JS-20120427-1045-M12,JS-20120427-1043-M12,M077,Carpodacus mexicanus,1045,,,,"Song, Jackie",,,,,27,April,2012,,,United States of America,California,North County,,,Escondido,S Redwood St and S Quince St,33.113776,-117.086162,,17,,,,"recorded in an alleyway between S Redwood St and S Quince St, 5th ave and 6th ave same spot as M11",,,
JS-20120427-1047-M13,,M078,Carpodacus mexicanus,1047,,,,"Song, Jackie",,,,,27,April,2012,,,United States of America,California,North County,,,Escondido,616 S Redwood St,33.112955,-117.08611,,2,,,,near 6th ave,,,
JS-20120427-1047-M14,,M079,Carpodacus mexicanus,1047,,,,"Song, Jackie",,,,,27,April,2012,,,United States of America,California,North County,,,Escondido,646 S Redwood St,33.112523,-117.085779,,4,,,,"near 6th ave, Might be the same as M13",very bad audio,,
JS-20120427-1047-M15,,M080,Carpodacus mexicanus,1047,,,,"Song, Jackie",,,,,27,April,2012,,,United States of America,California,North County,,,Escondido,646 S Redwood St,33.112523,-117.085779,,1,,,,,,,
JS-20120427-1050-M16,,M081,Carpodacus mexicanus,1050,,,,"Song, Jackie",,,,,27,April,2012,,,United States of America,California,North County,,,Escondido,646 S Redwood St,33.112523,-117.085779,,2,,,,between 7th ave and 6th ave,,,
JS-20120427-1050-M17,,M082,Carpodacus mexicanus,1050,,,,"Song, Jackie",,,,,27,April,2012,,,United States of America,California,North County,,,Escondido,646 S Redwood St,33.112523,-117.085779,,6,,,,between 7th ave and 6th ave,,,
JS-20120427-1050-M18,,M083,Carpodacus mexicanus,1050,,,,"Song, Jackie",,,,,27,April,2012,,,United States of America,California,North County,,,Escondido,646 S Redwood St,33.112523,-117.085779,,2,,,,between 7th ave and 6th ave,,,
JS-20120428-1002-M1,,M084,Carpodacus mexicanus,1002,,,,"Song, Jackie",,,,,28,April,2012,,,United States of America,California,Orange County,,,San Clemente,171 W Ave Junipero,33.412049,-117.604098,,26,,,,"near Avenida del Presidente, might've been facing the wall of the house",,,
JS-20120428-1003-M2,,M085,Carpodacus mexicanus,1003,,,,"Song, Jackie",,,,,28,April,2012,,,United States of America,California,Orange County,,,San Clemente,158 W Ave Junipero,33.413099,-117.603987,,4,,,,near Avenida del Presidente,,,
JS-20120428-1004-M3,,M086,Carpodacus mexicanus,1004,,,,"Song, Jackie",,,,,28,April,2012,,,United States of America,California,Orange County,,,San Clemente,2406 Calle Majorca,33.409264,-117.605021,,18,,,,,,,
JS-20120428-1005-M4,,M087,Carpodacus mexicanus,1005,,,,"Song, Jackie",,,,,28,April,2012,,,United States of America,California,Orange County,,,San Clemente,2407 Calle Majorca,33.409217,-117.604358,,8,,,,,,,
JS-20120428-1005-M5,,M088,Carpodacus mexicanus,1005,,,,"Song, Jackie",,,,,28,April,2012,,,United States of America,California,Orange County,,,San Clemente,2306 Calle Monte Cristo,33.409773,-117.607732,,8,,,,,,,
JS-20120428-1006-M5,JS-20120428-1005-M5,M088,Carpodacus mexicanus,1006,,,,"Song, Jackie",,,,,28,April,2012,,,United States of America,California,Orange County,,,San Clemente,2306 Calle Monte Cristo,33.409773,-117.607732,,2,,,,,,,
JS-20120428-1006-M6,,M089,Carpodacus mexicanus,1006,,,,"Song, Jackie",,,,,28,April,2012,,,United States of America,California,Orange County,,,San Clemente,2402 Calle Majorca ,33.409425,-117.605111,,16,,,,,,,
JS-20120428-1007-M6,JS-20120428-1006-M6,M089,Carpodacus mexicanus,1007,,,,"Song, Jackie",,,,,28,April,2012,,,United States of America,California,Orange County,,,San Clemente,2402 Calle Majorca ,33.409425,-117.605111,,4,,,,,,,
JS-20120428-1007-M6b,,M090,Carpodacus mexicanus,1007,,,,"Song, Jackie",,,,,28,April,2012,,,United States of America,California,Orange County,,,San Clemente,1905 S Ola Vista ,33.412918,-117.606025,,7,,,,,,,
JS-20120428-1008-M7,,M091,Carpodacus mexicanus,1008,,,,"Song, Jackie",,,,,28,April,2012,,,United States of America,California,Orange County,,,San Clemente,338 W Paseo De Cristobal ,33.41657,-117.616556,,23,,,,,,,
JS-20120428-1009-M7,JS-20120428-1008-M7,M091,Carpodacus mexicanus,1009,,,,"Song, Jackie",,,,,28,April,2012,,,United States of America,California,Orange County,,,San Clemente,338 W Paseo De Cristobal ,33.41657,-117.616556,,7,,,,,,,
JS-20120428-1009-M8,,M092,Carpodacus mexicanus,1009,,,,"Song, Jackie",,,,,28,April,2012,,,United States of America,California,Orange County,,,San Clemente,W Avenida De Los Lobos Marinos & Calle Lasuen,33.411914,-117.609385,,1,,,,,,,
JS-20120428-1010-M9,,M093,Carpodacus mexicanus,1010,,,,"Song, Jackie",,,,,28,April,2012,,,United States of America,California,Orange County,,,San Clemente,514 W Avenida De Los Lobos Marinos,33.410895,-117.609306,,4,,,,,,,
JS-20120428-1010-M10,,M094,Carpodacus mexicanus,1010,,,,"Song, Jackie",,,,,28,April,2012,,,United States of America,California,Orange County,,,San Clemente,514 W Avenida De Los Lobos Marinos,33.410895,-117.609306,,7,,,,"could be the same as M9, use M10",,,
JS-20120428-1012-M1,,M095,Carpodacus mexicanus,1012,,,,"Song, Jackie",,,,,28,April,2012,,,United States of America,California,Orange County,,,San Juan Capistrano,31682 El Camino Real,33.502653,-117.661557,,22,,,,,,,
JS-20120428-1012-M2,,M096,Carpodacus mexicanus,1012,,,,"Song, Jackie",,,,,28,April,2012,,,United States of America,California,Orange County,,,San Juan Capistrano,26793 Acjachema St,33.505179,-117.662731,,1,,,,,,,
JS-20120428-1013-M2,JS-20120428-1012-M2,M096,Carpodacus mexicanus,1013,,,,"Song, Jackie",,,,,28,April,2012,,,United States of America,California,Orange County,,,San Juan Capistrano,26793 Acjachema St,33.505179,-117.662731,,5,,,,,,,
JS-20120428-1014-M3,,M097,Carpodacus mexicanus,1014,,,,"Song, Jackie",,,,,28,April,2012,,,United States of America,California,Orange County,,,San Juan Capistrano,El Camino Real & Spring St,33.502794,-117.661876,,1,,,,,,,
JS-20120428-1014-M4,,M098,Carpodacus mexicanus,1014,,,,"Song, Jackie",,,,,28,April,2012,,,United States of America,California,Orange County,,,San Juan Capistrano,El Camino Real & Spring St,33.502794,-117.661876,,6,,,,"could be the same as M3, use M4",,,
JS-20120428-1015-M5,,M099,Carpodacus mexicanus,1015,,,,"Song, Jackie",,,,,28,April,2012,,,United States of America,California,Orange County,,,San Juan Capistrano,El Camino Real & El Horno St,33.505467,-117.663126,,8,,,,,,,
JS-20120428-1015-M6,,M100,Carpodacus mexicanus,1015,,,,"Song, Jackie",,,,,28,April,2012,,,United States of America,California,Orange County,,,San Juan Capistrano,El Camino Real & El Horno St,33.505467,-117.663126,,14,,,,could be the same as M5,,,
JS-20120428-1017-M7,,M101,Carpodacus mexicanus,1017,,,,"Song, Jackie",,,,,28,April,2012,,,United States of America,California,Orange County,,,San Juan Capistrano,Andres Pico Rd & Ysidora St,33.507882,-117.663146,,10,,,,"maybe not the greatest quality, located on 3634",Couldn't find 3634 on Google Maps,,
JS-20120428-1023-M9,,M102,Carpodacus mexicanus,1023,,,,"Song, Jackie",,,,,28,April,2012,,,United States of America,California,Orange County,,,San Juan Capistrano,31325 Don Juan Ave,33.507568,-117.661902,,2,,,,,,,
JS-20120428-1024-M9,JS-20120428-1023-M9,M102,Carpodacus mexicanus,1024,,,,"Song, Jackie",,,,,28,April,2012,,,United States of America,California,Orange County,,,San Juan Capistrano,31325 Don Juan Ave,33.507568,-117.661902,,3,,,,,,,
JS-20120428-1024-M10,,M103,Carpodacus mexicanus,1024,,,,"Song, Jackie",,,,,28,April,2012,,,United States of America,California,Orange County,,,San Juan Capistrano,31315 Don Juan Ave,33.507824,-117.661608,,7,,,,,,,
JS-20120428-1025-M10,JS-20120428-1024-M10,M103,Carpodacus mexicanus,1025,,,,"Song, Jackie",,,,,28,April,2012,,,United States of America,California,Orange County,,,San Juan Capistrano,31315 Don Juan Ave,33.507824,-117.661608,,17,,,,"could be the same as M9, use M10",,,
JS-20120428-1025-M11,,M104,Carpodacus mexicanus,1025,,,,"Song, Jackie",,,,,28,April,2012,,,United States of America,California,Orange County,,,San Juan Capistrano,31325 Don Juan Ave,33.507568,-117.661902,,5,,,,,,,
JS-20120428-1031-M12,,M105,Carpodacus mexicanus,1031,,,,"Song, Jackie",,,,,28,April,2012,,,United States of America,California,Orange County,,,San Juan Capistrano,31301 Don Juan Ave,33.50813,-117.66147,,18,,,,,,,
JS-20120428-1031-M13,,M106,Carpodacus mexicanus,1031,,,,"Song, Jackie",,,,,28,April,2012,,,United States of America,California,Orange County,,,San Juan Capistrano,31302 Don Juan Ave,33.507994,-117.660951,,2,,,,,,,
JS-20120428-1032-M13,JS-20120428-1031-M13,M106,Carpodacus mexicanus,1032,,,,"Song, Jackie",,,,,28,April,2012,,,United States of America,California,Orange County,,,San Juan Capistrano,31303 Don Juan Ave,33.507982,-117.66129,,3,,,,,,,
JS-20120428-1036-M14,,M107,Carpodacus mexicanus,1036,,,,"Song, Jackie",,,,,28,April,2012,,,United States of America,California,Orange County,,,San Juan Capistrano,31875 Los Rios St,33.499734,-117.664254,,14,,,,,,,
JS-20120428-1037-M14,JS-20120428-1036-M14,M107,Carpodacus mexicanus,1037,,,,"Song, Jackie",,,,,28,April,2012,,,United States of America,California,Orange County,,,San Juan Capistrano,31875 Los Rios St,33.499734,-117.664254,,3,,,,,,,
JS-20120428-1039-M1,,M108,Carpodacus mexicanus,1039,,,,"Song, Jackie",,,,,28,April,2012,,,United States of America,California,Orange County,,,Newport Beach,4313 Channel Place,33.620832,-117.937305,,8,,,,,,,
JS-20120428-1040-M1,JS-20120428-1039-M1,M108,Carpodacus mexicanus,1040,,,,"Song, Jackie",,,,,28,April,2012,,,United States of America,California,Orange County,,,Newport Beach,4313 Channel Place,33.620832,-117.937305,,8,,,,,,,
JS-20120428-1041-M2,,M109,Carpodacus mexicanus,1041,,,,"Song, Jackie",,,,,28,April,2012,,,United States of America,California,Orange County,,,Newport Beach,Lake Ave & 37th St,33.617868,-117.934031,,1,,,,,,,
JS-20120428-1042-M3,,M110,Carpodacus mexicanus,1042,,,,"Song, Jackie",,,,,28,April,2012,,,United States of America,California,Orange County,,,Newport Beach,Marcus Ave & 36th St,33.617779,-117.932964,,18,,,,,,,
JS-20120428-1045-M4,,M111,Carpodacus mexicanus,1045,,,,"Song, Jackie",,,,,28,April,2012,,,United States of America,California,Orange County,,,Newport Beach,Kamalii Court and Ticonderoga Dr,33.625468,-117.936101,,19,,,,,,,
JS-20120428-1046-M4,JS-20120428-1045-M4,M111,Carpodacus mexicanus,1046,,,,"Song, Jackie",,,,,28,April,2012,,,United States of America,California,Orange County,,,Newport Beach,Kamalii Court and Ticonderoga Dr,33.625468,-117.936101,,30,,,,,,,
JS-20120428-1049-MX,,M112,Carpodacus mexicanus,1049,,,,"Song, Jackie",,,,,28,April,2012,,,United States of America,California,Kern County,,,Oceanside,"Southbound I- 5 Rest Stop, pinned on map",33.272681,-117.444362,,22,,,,,,,
JS-20120428-1051-MY,,M113,Carpodacus mexicanus,1051,,,,"Song, Jackie",,,,,28,April,2012,,,United States of America,California,Kern County,,,Oceanside,"Southbound I- 5 Rest Stop, pinned on map",33.272681,-117.444362,,1,,,,,,,
JS-20120428-1051-M1,,M114,Carpodacus mexicanus,1051,,,,"Song, Jackie",,,,,28,April,2012,,,United States of America,California,Kern County,,,Oceanside,"Southbound I- 5 Rest Stop, pinned on map",33.272681,-117.444362,,1,,,,,,,
JS-20120428-1052-M2,,M115,Carpodacus mexicanus,1052,,,,"Song, Jackie",,,,,28,April,2012,,,United States of America,California,Kern County,,,Oceanside,"Southbound I- 5 Rest Stop, pinned on map",33.272681,-117.444362,,7,,,,,,,
JS-20120428-1052-M3,,M116,Carpodacus mexicanus,1052,,,,"Song, Jackie",,,,,28,April,2012,,,United States of America,California,Kern County,,,Oceanside,"Southbound I- 5 Rest Stop, pinned on map",33.272681,-117.444362,,2,,,,,,,
JS-20120428-1052-M4,,M117,Carpodacus mexicanus,1052,,,,"Song, Jackie",,,,,28,April,2012,,,United States of America,California,Kern County,,,Oceanside,"Southbound I- 5 Rest Stop, pinned on map",33.272681,-117.444362,,4,,,,,,,
JS-20120429-1001-M1,,M118,Carpodacus mexicanus,1001,,,,"Song, Jackie",,,,,29,April,2012,,,United States of America,California,Riverside County,,,Lake Elsinore,511 N Main St,33.675894,-117.324778,,2,,,,,,,
JS-20120429-1002-M2,,M119,Carpodacus mexicanus,1002,,,,"Song, Jackie",,,,,29,April,2012,,,United States of America,California,Riverside County,,,Lake Elsinore,511 N Main St,33.675894,-117.324778,,1,,,,might be the same as M1,,,
JS-20120429-1002-M3,,M120,Carpodacus mexicanus,1002,,,,"Song, Jackie",,,,,29,April,2012,,,United States of America,California,Riverside County,,,Lake Elsinore,112 W Flint St,33.675006,-117.325541,,3,,,,,,,
JS-20120429-1002-M4,,M121,Carpodacus mexicanus,1002,,,,"Song, Jackie",,,,,29,April,2012,,,United States of America,California,Riverside County,,,Lake Elsinore,225 E Graham Ave,33.667707,-117.325677,,3,,,,,,,
JS-20120429-1003-M4,JS-20120429-1002-M4,M121,Carpodacus mexicanus,1003,,,,"Song, Jackie",,,,,29,April,2012,,,United States of America,California,Riverside County,,,Lake Elsinore,225 E Graham Ave,33.667707,-117.325677,,26,,,,,,,
JS-20120429-1004-M4,JS-20120429-1002-M4,M121,Carpodacus mexicanus,1004,,,,"Song, Jackie",,,,,29,April,2012,,,United States of America,California,Riverside County,,,Lake Elsinore,225 E Graham Ave,33.667707,-117.325677,,13,,,,,,,
JS-20120429-1005-M5,,M122,Carpodacus mexicanus,1005,,,,"Song, Jackie",,,,,29,April,2012,,,United States of America,California,Riverside County,,,Lake Elsinore,411 E Franklin St,33.669725,-117.322188,,2,,,,,,,
JS-20120429-1006-M6,,M123,Carpodacus mexicanus,1006,,,,"Song, Jackie",,,,,29,April,2012,,,United States of America,California,Riverside County,,,Lake Elsinore,409 E Franklin St,33.669748,-117.32236,,4,,,,,,,
JS-20120429-1007-M7,,M124,Carpodacus mexicanus,1007,,,,"Song, Jackie",,,,,29,April,2012,,,United States of America,California,Riverside County,,,Lake Elsinore,W Summer Ave & N Spring St,33.671993,-117.327559,,12,,,,recording took place on a field near Summer & Spring,,,
JS-20120429-1008-M8,,M125,Carpodacus mexicanus,1008,,,,"Song, Jackie",,,,,29,April,2012,,,United States of America,California,Riverside County,,,Lake Elsinore,W Summer Ave & N Spring St,33.671993,-117.327559,,5,,,,recording took place on a field near Summer & Spring,,,
JS-20120429-1009-M9,,M126,Carpodacus mexicanus,1009,,,,"Song, Jackie",,,,,29,April,2012,,,United States of America,California,Riverside County,,,Lake Elsinore,118 N Langstaff St,33.670563,-117.330729,,9,,,,,,,
JS-20120429-1009-M10,,M127,Carpodacus mexicanus,1009,,,,"Song, Jackie",,,,,29,April,2012,,,United States of America,California,Riverside County,,,Lake Elsinore,214 N Langstaff St,33.67192,-117.330007,,2,,,,,,,
JS-20120429-1009-M11,,M128,Carpodacus mexicanus,1009,,,,"Song, Jackie",,,,,29,April,2012,,,United States of America,California,Riverside County,,,Lake Elsinore,214 N Langstaff St,33.67192,-117.330007,,9,,,,,,,
JS-20120429-1010-M12,,M129,Carpodacus mexicanus,1010,,,,"Song, Jackie",,,,,29,April,2012,,,United States of America,California,Riverside County,,,Lake Elsinore,214 N Langstaff St,33.67192,-117.330007,,43,,,,M12 might be the same as M10,,,
JS-20120429-1011-M12,JS-20120429-1010-M12,M129,Carpodacus mexicanus,1011,,,,"Song, Jackie",,,,,29,April,2012,,,United States of America,California,Riverside County,,,Lake Elsinore,214 N Langstaff St,33.67192,-117.330007,,12,,,,M10 - M12 all recorded near the corner of Langstaff & Summer Ave,,,
JS-20120429-1012-M13,,M130,Carpodacus mexicanus,1012,,,,"Song, Jackie",,,,,29,April,2012,,,United States of America,California,Riverside County,,,Lake Elsinore,318 Poe St,33.674313,-117.330302,,10,,,,,,,
JS-20120429-1013-M13,JS-20120429-1012-M13,M130,Carpodacus mexicanus,1013,,,,"Song, Jackie",,,,,29,April,2012,,,United States of America,California,Riverside County,,,Lake Elsinore,318 Poe St,33.674313,-117.330302,,26,,,,,,,
JS-20120429-1014-M13,JS-20120429-1012-M13,M130,Carpodacus mexicanus,1014,,,,"Song, Jackie",,,,,29,April,2012,,,United States of America,California,Riverside County,,,Lake Elsinore,318 Poe St,33.674313,-117.330302,,29,,,,,,,
JS-20120429-1015-M13,JS-20120429-1012-M13,M130,Carpodacus mexicanus,1015,,,,"Song, Jackie",,,,,29,April,2012,,,United States of America,California,Riverside County,,,Lake Elsinore,318 Poe St,33.674313,-117.330302,,15,,,,,,,
JS-20120429-1016-M13,JS-20120429-1012-M13,M130,Carpodacus mexicanus,1016,,,,"Song, Jackie",,,,,29,April,2012,,,United States of America,California,Riverside County,,,Lake Elsinore,318 Poe St,33.674313,-117.330302,,2,,,,,,,
JS-20120429-1017-M15,,M131,Carpodacus mexicanus,1017,,,,"Song, Jackie",,,,,29,April,2012,,,United States of America,California,Riverside County,,,Lake Elsinore,442 N Kellogg St,33.676644,-117.332193,,10,,,,recorded at an alley near Parkside Apartments,,,
JS-20120429-1017-M16,,M132,Carpodacus mexicanus,1017,,,,"Song, Jackie",,,,,29,April,2012,,,United States of America,California,Riverside County,,,Lake Elsinore,442 N Kellogg St,33.676644,-117.332193,,3,,,,,,,
JS-20120429-1018-M16,JS-20120429-1017-M16,M132,Carpodacus mexicanus,1018,,,,"Song, Jackie",,,,,29,April,2012,,,United States of America,California,Riverside County,,,Lake Elsinore,442 N Kellogg St,33.676644,-117.332193,,32,,,,,,,
JS-20120429-1019-M16,JS-20120429-1017-M16,M132,Carpodacus mexicanus,1019,,,,"Song, Jackie",,,,,29,April,2012,,,United States of America,California,Riverside County,,,Lake Elsinore,442 N Kellogg St,33.676644,-117.332193,,17,,,,recorded at Parkside Apartments,,,
JS-20120429-1022-M1,,M133,Carpodacus mexicanus,1022,,,,"Song, Jackie",,,,,29,April,2012,,,United States of America,California,Riverside County,,,Moreno Valley,23317 Bay Ave,33.920481,-117.254914,,1,,,,,,,
JS-20120429-1022-M2,,M134,Carpodacus mexicanus,1022,,,,"Song, Jackie",,,,,29,April,2012,,,United States of America,California,Riverside County,,,Moreno Valley,23333 Bay Ave,33.920292,-117.254594,,5,,,,,,,
JS-20120429-1022-M3,,M135,Carpodacus mexicanus,1022,,,,"Song, Jackie",,,,,29,April,2012,,,United States of America,California,Riverside County,,,Moreno Valley,23269 Bay Ave,33.92102,-117.255757,,11,,,,near Yee St,,,
JS-20120429-1024-M4,,M136,Carpodacus mexicanus,1024,,,,"Song, Jackie",,,,,29,April,2012,,,United States of America,California,Riverside County,,,Moreno Valley,Thunderbird Dr & Casper Ct,33.923475,-117.263604,,3,,,,M4 and M5 are probably the same bird,Not sure exactly where M4 was recorded,,
JS-20120429-1024-M5,,M137,Carpodacus mexicanus,1024,,,,"Song, Jackie",,,,,29,April,2012,,,United States of America,California,Riverside County,,,Moreno Valley,13659 Thunderbird Dr,33.92308,-117.265345,,6,,,,recording took place on Thunderbird between Casper Ct & Vought St,,,
JS-20120429-1025-M6,,M138,Carpodacus mexicanus,1025,,,,"Song, Jackie",,,,,29,April,2012,,,United States of America,California,Riverside County,,,Moreno Valley,13659 Thunderbird Dr,33.92308,-117.265345,,3,,,,,,,
JS-20120429-1027-M7,,M139,Carpodacus mexicanus,1027,,,,"Song, Jackie",,,,,29,April,2012,,,United States of America,California,Riverside County,,,Moreno Valley,"Towngate Shopping Center, 12625 Frederick St",33.937516,-117.261914,,2,,,,,,,
JS-20120429-1027-M8,,M140,Carpodacus mexicanus,1027,,,,"Song, Jackie",,,,,29,April,2012,,,United States of America,California,Riverside County,,,Moreno Valley,"Towngate Shopping Center, 12625 Frederick St",33.937516,-117.261914,,2,,,,M8 could be the same as M7,,,
JS-20120429-1027-M9,,M141,Carpodacus mexicanus,1027,,,,"Song, Jackie",,,,,29,April,2012,,,United States of America,California,Riverside County,,,Moreno Valley,"Towngate Shopping Center, 12625 Frederick St",33.937516,-117.261914,,12,,,,don't use M9,,,
JS-20120429-1028-M10,,M142,Carpodacus mexicanus,1028,,,,"Song, Jackie",,,,,29,April,2012,,,United States of America,California,Riverside County,,,Moreno Valley,"Towngate Shopping Center, 12625 Frederick St",33.937516,-117.261914,,20,,,,,,,
JS-20120429-1029-M10,JS-20120429-1028-M10,M142,Carpodacus mexicanus,1029,,,,"Song, Jackie",,,,,29,April,2012,,,United States of America,California,Riverside County,,,Moreno Valley,"Towngate Shopping Center, 12625 Frederick St",33.937516,-117.261914,,23,,,,,Not sure where exactly M7 - M10 were recorded. Jackie said she entered from Fredrick St into a Shopping Center Parking Lot. Best guess is that she's referring to Towngate Shopping Center,,
JS-20120430-1001-M1,,M143,Carpodacus mexicanus,1001,,,,"Song, Jackie",,,,,30,April,2012,,,United States of America,California,Carmel County Highlands,,,San Diego,4802 Yearling Glen Rd,32.925398,-117.216905,,2,,,,recorded near M1 from April 25th,,,
JS-20120430-1001-M2,,M144,Carpodacus mexicanus,1001,,,,"Song, Jackie",,,,,30,April,2012,,,United States of America,California,Carmel County Highlands,,,San Diego,4806 Yearling Glen Rd,32.925388,-117.216765,,3,,,,might be the same as M1,,,
JS-20120430-1002-M3,,M145,Carpodacus mexicanus,1002,,,,"Song, Jackie",,,,,30,April,2012,,,United States of America,California,Carmel County Highlands,,,San Diego,11420 Mustang Ridge Dr,32.926402,-117.214068,,5,,,,,,,
JS-20120430-1004-M4,,M146,Carpodacus mexicanus,1004,,,,"Song, Jackie",,,,,30,April,2012,,,United States of America,California,Carmel County Highlands,,,San Diego,4817 Fairport Way,32.925692,-117.216556,,21,,,,,,,
JS-20120430-1006-M5,,M147,Carpodacus mexicanus,1006,,,,"Song, Jackie",,,,,30,April,2012,,,United States of America,California,Carmel County Highlands,,,San Diego,Ocean Air Elementary School,32.927975,-117.214876,,1,,,,,,,
JS-20120430-1006-M6,,M148,Carpodacus mexicanus,1006,,,,"Song, Jackie",,,,,30,April,2012,,,United States of America,California,Carmel County Highlands,,,San Diego,11419 Arabian Crest Rd,32.926184,-117.214436,,2,,,,,,,
JS-20120501-1001-M1,,M149,Carpodacus mexicanus,1001,,,,"Song, Jackie",,,,,1,May,2012,,,United States of America,California,Riverside County,,,Riverside,1000 Clark St,34.005941,-117.353298,,3,,,,"recorded in the backyard of a mobile home, near Nash St",,,
JS-20120501-1001-M2,,M150,Carpodacus mexicanus,1001,,,,"Song, Jackie",,,,,1,May,2012,,,United States of America,California,Riverside County,,,Riverside,3407 Nast St,33.953349,-117.396156,,4,,,,near Amarillo Ct,,,
JS-20120501-1002-M3,,M151,Carpodacus mexicanus,1002,,,,"Song, Jackie",,,,,1,May,2012,,,United States of America,California,Riverside County,,,Riverside,3407 Nast St,33.953349,-117.396156,,17,,,,,,,
JS-20120501-1003-M4,,M152,Carpodacus mexicanus,1003,,,,"Song, Jackie",,,,,1,May,2012,,,United States of America,California,Riverside County,,,Riverside,3404 Nash St,34.00585,-117.354028,,6,,,,"less than 160m away from M1-M3, by Amarillo Ct",,,
JS-20120501-1003-M5,,M153,Carpodacus mexicanus,1003,,,,"Song, Jackie",,,,,1,May,2012,,,United States of America,California,Riverside County,,,Riverside,3404 Nash St,34.00585,-117.354028,,2,,,,,,,
JS-20120501-1003-M6,,M154,Carpodacus mexicanus,1003,,,,"Song, Jackie",,,,,1,May,2012,,,United States of America,California,Riverside County,,,Riverside,1077 Orange St,34.006029,-117.357115,,6,,,,Northside Fire Station 6,address retrieved from Jackie's notebook,,
JS-20120501-1004-M6,JS-20120501-1003-M6,M154,Carpodacus mexicanus,1004,,,,"Song, Jackie",,,,,1,May,2012,,,United States of America,California,Riverside County,,,Riverside,1077 Orange St,34.006029,-117.357115,,9,,,,Northside Fire Station 6,address retrieved from Jackie's notebook,,
JS-20120501-1004-M7,,M155,Carpodacus mexicanus,1004,,,,"Song, Jackie",,,,,1,May,2012,,,United States of America,California,Riverside County,,,Riverside,1508 Hillcrest Ave,33.999956,-117.35684,,16,,,,near Tidel Way,,,
JS-20120501-1005-M7,JS-20120501-1004-M7,M155,Carpodacus mexicanus,1005,,,,"Song, Jackie",,,,,1,May,2012,,,United States of America,California,Riverside County,,,Riverside,1508 Hillcrest Ave,33.999956,-117.35684,,7,,,,near Tidel Way,,,
JS-20120501-1005-M8,,M156,Carpodacus mexicanus,1005,,,,"Song, Jackie",,,,,1,May,2012,,,United States of America,California,Riverside County,,,Riverside,1649 Hillcrest Ave,33.998761,-117.358102,,7,,,,near Strong St,,,
JS-20120501-1006-M8,JS-20120501-1005-M8,M156,Carpodacus mexicanus,1006,,,,"Song, Jackie",,,,,1,May,2012,,,United States of America,California,Riverside County,,,Riverside,1649 Hillcrest Ave,33.998761,-117.358102,,2,,,,near Strong St,,,
JS-20120501-1006-M9,,M157,Carpodacus mexicanus,1006,,,,"Song, Jackie",,,,,1,May,2012,,,United States of America,California,Riverside County,,,Riverside,3559 Strong St,33.999116,-117.360329,,2,,,,,,,
JS-20120501-1007-M10,,M158,Carpodacus mexicanus,1007,,,,"Song, Jackie",,,,,1,May,2012,,,United States of America,California,Riverside County,,,Riverside,3695 Strong St,34.0004,-117.362674,,11,,,,near Main St,,,
JS-20120501-1008-M11,,M159,Carpodacus mexicanus,1008,,,,"Song, Jackie",,,,,1,May,2012,,,United States of America,California,Riverside County,,,Riverside,1153 Marlborough Ave,33.997532,-117.33662,,4,,,,In the Parking Lot,,,
JS-20120501-1009-M12,,M160,Carpodacus mexicanus,1009,,,,"Song, Jackie",,,,,1,May,2012,,,United States of America,California,Riverside County,,,Riverside,1153 Marlborough Ave,33.997532,-117.33662,,9,,,,In the Parking Lot,,,
JS-20120501-1010-M13,,M161,Carpodacus mexicanus,1010,,,,"Song, Jackie",,,,,1,May,2012,,,United States of America,California,Riverside County,,,Riverside,1153 Marlborough Ave,33.997532,-117.33662,,3,,,,Near the Parking Lot,,,
JS-20120501-1010-M14,,M162,Carpodacus mexicanus,1010,,,,"Song, Jackie",,,,,1,May,2012,,,United States of America,California,Riverside County,,,Riverside,1153 Marlborough Ave,33.997532,-117.33662,,3,,,,Near the Parking Lot,,,
JS-20120501-1011-M14,JS-20120501-1010-M14,M162,Carpodacus mexicanus,1011,,,,"Song, Jackie",,,,,1,May,2012,,,United States of America,California,Riverside County,,,Riverside,1153 Marlborough Ave,33.997532,-117.33662,,2,,,,Near the Parking Lot,,,
JS-20120501-1011-M15,,M163,Carpodacus mexicanus,1011,,,,"Song, Jackie",,,,,1,May,2012,,,United States of America,California,Riverside County,,,Riverside,1401 Iowa Ave,33.999647,-117.339962,,3,,,,,,,
JS-20120501-1012-M15,JS-20120501-1011-M15,M163,Carpodacus mexicanus,1012,,,,"Song, Jackie",,,,,1,May,2012,,,United States of America,California,Riverside County,,,Riverside,1401 Iowa Ave,33.999647,-117.339962,,22,,,,,,,
JS-20120501-1013-M15,JS-20120501-1011-M15,M163,Carpodacus mexicanus,1013,,,,"Song, Jackie",,,,,1,May,2012,,,United States of America,California,Riverside County,,,Riverside,1401 Iowa Ave,33.999647,-117.339962,,11,,,,,,,
JS-20120501-1014-M16,,M164,Carpodacus mexicanus,1014,,,,"Song, Jackie",,,,,1,May,2012,,,United States of America,California,Riverside County,,,Riverside,3663 Canyon Crest Dr,33.977261,-117.33142,,31,,,,,,,
JS-20120501-1015-M16,JS-20120501-1014-M16,M164,Carpodacus mexicanus,1015,,,,"Song, Jackie",,,,,1,May,2012,,,United States of America,California,Riverside County,,,Riverside,3663 Canyon Crest Dr,33.977261,-117.33142,,30,,,,,,,
JS-20120501-1016-M17,,M165,Carpodacus mexicanus,1016,,,,"Song, Jackie",,,,,1,May,2012,,,United States of America,California,Riverside County,,,Riverside,Parking Lot 8,33.969481,-117.325374,,9,,,,,,,
JS-20120501-1016-M18,,M166,Carpodacus mexicanus,1016,,,,"Song, Jackie",,,,,1,May,2012,,,United States of America,California,Riverside County,,,Riverside,Parking Lot 8,33.969481,-117.325374,,5,,,,,,,
JS-20120501-1017-M18,JS-20120501-1016-M18,M166,Carpodacus mexicanus,1017,,,,"Song, Jackie",,,,,1,May,2012,,,United States of America,California,Riverside County,,,Riverside,Parking Lot 8,33.969481,-117.325374,,23,,,,,,,
JS-20120501-1018-M18,JS-20120501-1016-M18,M166,Carpodacus mexicanus,1018,,,,"Song, Jackie",,,,,1,May,2012,,,United States of America,California,Riverside County,,,Riverside,Parking Lot 8,33.969481,-117.325374,,7,,,,weak singer,,,
JS-20120501-1018-M18a,,M167,Carpodacus mexicanus,1018,,,,"Song, Jackie",,,,,1,May,2012,,,United States of America,California,Riverside County,,,Riverside,Parking Lot 8,33.969481,-117.325374,,19,,,,,,,
JS-20120501-1019-M18a,JS-20120501-1018-M18a,M167,Carpodacus mexicanus,1019,,,,"Song, Jackie",,,,,1,May,2012,,,United States of America,California,Riverside County,,,Riverside,Parking Lot 8,33.969481,-117.325374,,17,,,,"not sure if this is the same as M18, will call it M18a",,,
JS-20120501-1020-M19,,M168,Carpodacus mexicanus,1020,,,,"Song, Jackie",,,,,1,May,2012,,,United States of America,California,Riverside County,,,Riverside,Parking Lot 9,33.971183,-117.322984,,6,,,,near the Satellite Chiller Plant and Computer and Communications Plant,,,
JS-20120501-1021-M20,,M169,Carpodacus mexicanus,1021,,,,"Song, Jackie",,,,,1,May,2012,,,United States of America,California,Riverside County,,,Riverside,Lot 11,33.972389,-117.324564,,9,,,,near Eucalyptus Dr,,,
JS-20120501-1022-M1,,M170,Carpodacus mexicanus,1022,,,,"Song, Jackie",,,,,1,May,2012,,,United States of America,California,San Bernardino County,,,San Bernardino,524 S K St,34.09149,-117.307895,,8,,,,,,,
JS-20120501-1023-M2,,M171,Carpodacus mexicanus,1023,,,,"Song, Jackie",,,,,1,May,2012,,,United States of America,California,San Bernardino County,,,San Bernardino,514 S K St,34.091714,-117.307911,,3,,,,,,,
JS-20120501-1023-M3,,M172,Carpodacus mexicanus,1023,,,,"Song, Jackie",,,,,1,May,2012,,,United States of America,California,San Bernardino County,,,San Bernardino,514 S K St,34.091714,-117.307911,,11,,,,across the street from M3,,,
JS-20120501-1024-M4,,M173,Carpodacus mexicanus,1024,,,,"Song, Jackie",,,,,1,May,2012,,,United States of America,California,San Bernardino County,,,San Bernardino,537 S K St,34.091226,-117.307338,,24,,,,near Mill St,,,
JS-20120501-1025-M6,,M174,Carpodacus mexicanus,1025,,,,"Song, Jackie",,,,,1,May,2012,,,United States of America,California,San Bernardino County,,,Colton,1780 Bordwell Ave,34.088219,-117.318034,,8,,,,,,,
JS-20120501-1028-M7,,M175,Carpodacus mexicanus,1028,,,,"Song, Jackie",,,,,1,May,2012,,,United States of America,California,San Bernardino County,,,San Bernardino,1359 Birch St,34.095317,-117.315733,,7,,,,,,,
JS-20120501-1028-M8,,M176,Carpodacus mexicanus,1028,,,,"Song, Jackie",,,,,1,May,2012,,,United States of America,California,San Bernardino County,,,San Bernardino,1347 W Marshall Blvd,34.149528,-117.314713,,1,,,,,address retrieved from Jackie's notebook,,
JS-20120501-1028-M9,,M177,Carpodacus mexicanus,1028,,,,"Song, Jackie",,,,,1,May,2012,,,United States of America,California,San Bernardino County,,,San Bernardino,1347 W Marshall Blvd,34.149528,-117.314713,,4,,,,,address retrieved from Jackie's notebook,,
JS-20120501-1033-M13,,M178,Carpodacus mexicanus,1033,,,,"Song, Jackie",,,,,1,May,2012,,,United States of America,California,San Bernardino County,,,San Bernardino,1347 W Marshall Blvd,34.149528,-117.314713,,36,,,,,"Lost Data. No M10-M12, address retrieved from Jackie's notebook",,
JS-20120501-1034-M13,JS-20120501-1033-M13,M178,Carpodacus mexicanus,1034,,,,"Song, Jackie",,,,,1,May,2012,,,United States of America,California,San Bernardino County,,,San Bernardino,1347 W Marshall Blvd,34.149528,-117.314713,,3,,,,,"Can't Understand Jackie's Voice, address retrieved from Jackie's notebook",,
JS-20120501-1034-M14,,M179,Carpodacus mexicanus,1034,,,,"Song, Jackie",,,,,1,May,2012,,,United States of America,California,San Bernardino County,,,San Bernardino,1340 W 31st St,34.148427,-117.314615,,14,,,,,,,
JS-20120501-1035-M14,JS-20120501-1034-M14,M179,Carpodacus mexicanus,1035,,,,"Song, Jackie",,,,,1,May,2012,,,United States of America,California,San Bernardino County,,,San Bernardino,1340 W 31st St,34.148427,-117.314615,,14,,,,,,,
JS-20120501-1035-M15,,M180,Carpodacus mexicanus,1035,,,,"Song, Jackie",,,,,1,May,2012,,,United States of America,California,San Bernardino County,,,San Bernardino,1340 W 31st St,34.148427,-117.314615,,5,,,,,,,
JS-20120501-1036-M16,,M181,Carpodacus mexicanus,1036,,,,"Song, Jackie",,,,,1,May,2012,,,United States of America,California,San Bernardino County,,,San Bernardino,3294 Grande Vista Ave,34.152002,-117.311613,,9,,,,near Miramonte Dr,,,
JS-20120501-1036-M17,,M182,Carpodacus mexicanus,1036,,,,"Song, Jackie",,,,,1,May,2012,,,United States of America,California,San Bernardino County,,,San Bernardino,3294 Grande Vista Ave,34.152002,-117.311613,,10,,,,near Miramonte Dr,,,
JS-20120501-1036-M18,,M183,Carpodacus mexicanus,1036,,,,"Song, Jackie",,,,,1,May,2012,,,United States of America,California,San Bernardino County,,,San Bernardino,3295 Grande Vista Ave,34.152247,-117.311262,,4,,,,near Miramonte Dr,,,
JS-20120501-1037-M18,JS-20120501-1036-M18,M183,Carpodacus mexicanus,1037,,,,"Song, Jackie",,,,,1,May,2012,,,United States of America,California,San Bernardino County,,,San Bernardino,3295 Grande Vista Ave,34.152247,-117.311262,,13,,,,could've been the same as M16 or M17,,,
JS-20120501-1037-M19,,M184,Carpodacus mexicanus,1037,,,,"Song, Jackie",,,,,1,May,2012,,,United States of America,California,San Bernardino County,,,San Bernardino,1500 Edge Hill Rd,34.15349,-117.32013,,1,,,,near Little Mountain Dr,,,
JS-20120501-1038-M20,,M185,Carpodacus mexicanus,1038,,,,"Song, Jackie",,,,,1,May,2012,,,United States of America,California,San Bernardino County,,,San Bernardino,1500 Edge Hill Rd,34.15349,-117.32013,,14,,,,,,,
JS-20120501-1039-M20,JS-20120501-1038-M20,M185,Carpodacus mexicanus,1039,,,,"Song, Jackie",,,,,1,May,2012,,,United States of America,California,San Bernardino County,,,San Bernardino,1500 Edge Hill Rd,34.15349,-117.32013,,6,,,,opposide side of the street from M19,,,
JS-20120501-1040-M1,,M186,Carpodacus mexicanus,1040,,,,"Song, Jackie",,,,,1,May,2012,,,United States of America,California,San Bernardino County,,,Redlands,"University of Redlands, Sylvan Blvd & Cook St",34.06029,-117.16285,,13,,,,"Sylvan Blvd & Cook St, in front of Pi Chi Fraternity House",,,
JS-20120501-1041-M2,,M187,Carpodacus mexicanus,1041,,,,"Song, Jackie",,,,,1,May,2012,,,United States of America,California,San Bernardino County,,,Redlands,700 N Grove St,34.061722,-117.160211,,7,,,,near Stillman Ave,,,
JS-20120501-1041-M3,,M188,Carpodacus mexicanus,1041,,,,"Song, Jackie",,,,,1,May,2012,,,United States of America,California,San Bernardino County,,,Redlands,630 N Grove S,34.061388,-117.160192,,8,,,,,,,
JS-20120501-1042-M3,JS-20120501-1041-M3,M188,Carpodacus mexicanus,1042,,,,"Song, Jackie",,,,,1,May,2012,,,United States of America,California,San Bernardino County,,,Redlands,630 N Grove S,34.061388,-117.160192,,18,,,,,,,
JS-20120501-1043-M3,JS-20120501-1041-M3,M188,Carpodacus mexicanus,1043,,,,"Song, Jackie",,,,,1,May,2012,,,United States of America,California,San Bernardino County,,,Redlands,630 N Grove S,34.061388,-117.160192,,27,,,,,,,
JS-20120501-1045-M4,,M189,Carpodacus mexicanus,1045,,,,"Song, Jackie",,,,,1,May,2012,,,United States of America,California,San Bernardino County,,,Redlands,"University Hall, University of Redlands",34.065358,-117.164678,,10,,,,,,,
JS-20120501-1046-M5,,M190,Carpodacus mexicanus,1046,,,,"Song, Jackie",,,,,1,May,2012,,,United States of America,California,San Bernardino County,,,Redlands,"Grossmont Hall, University of Redlands",34.062685,-117.163181,,30,,,,,can't find specific address,,
JS-20120501-1047-M5,JS-20120501-1046-M5,M190,Carpodacus mexicanus,1047,,,,"Song, Jackie",,,,,1,May,2012,,,United States of America,California,San Bernardino County,,,Redlands,"Grossmont Hall, University of Redlands",34.062685,-117.163181,,13,,,,,can't find specific address,,
JS-20120501-1048-M6,,M191,Carpodacus mexicanus,1048,,,,"Song, Jackie",,,,,1,May,2012,,,United States of America,California,San Bernardino County,,,Redlands,1305 Campus Ave,34.065771,-117.159776,,3,,,,near N Grove Street,,,
JS-20120501-1048-M7,,M192,Carpodacus mexicanus,1048,,,,"Song, Jackie",,,,,1,May,2012,,,United States of America,California,San Bernardino County,,,Redlands,1304 Campus Ave,34.065244,-117.159779,,5,,,,near N Grove Street,,,
JS-20120501-1050-M8,,M193,Carpodacus mexicanus,1050,,,,"Song, Jackie",,,,,1,May,2012,,,United States of America,California,San Bernardino County,,,Redlands,615 Lido St,34.061109,-117.15391,,24,,,,near Sylvan Blvd,,,
JS-20120501-1051-M9,,M194,Carpodacus mexicanus,1051,,,,"Song, Jackie",,,,,1,May,2012,,,United States of America,California,San Bernardino County,,,Redlands,609 Georgia St,34.061132,-117.155756,,22,,,,,,,
JS-20120501-1052-M9,JS-20120501-1051-M9,M194,Carpodacus mexicanus,1052,,,,"Song, Jackie",,,,,1,May,2012,,,United States of America,California,San Bernardino County,,,Redlands,609 Georgia St,34.061132,-117.155756,,8,,,,,,,
JS-20120501-1052-M10,,M195,Carpodacus mexicanus,1052,,,,"Song, Jackie",,,,,1,May,2012,,,United States of America,California,San Bernardino County,,,Redlands,338 N Grove St,34.058288,-117.159875,,10,,,,between 341 N Grove St,,,
JS-20120501-1053-M10,JS-20120501-1052-M10,M195,Carpodacus mexicanus,1053,,,,"Song, Jackie",,,,,1,May,2012,,,United States of America,California,San Bernardino County,,,Redlands,338 N Grove St,34.058288,-117.159875,,1,,,,between 341 N Grove St,,,
JS-20120501-1053-M11,,M196,Carpodacus mexicanus,1053,,,,"Song, Jackie",,,,,1,May,2012,,,United States of America,California,San Bernardino County,,,Redlands,338 N Grove St,34.058288,-117.159875,,5,,,,between 341 N Grove St,,,
JS-20120501-1053-M12,,M197,Carpodacus mexicanus,1053,,,,"Song, Jackie",,,,,1,May,2012,,,United States of America,California,San Bernardino County,,,Redlands,338 N Grove St,34.058288,-117.159875,,12,,,,between 341 N Grove St,,,
JS-20120501-1053-M13,,M198,Carpodacus mexicanus,1053,,,,"Song, Jackie",,,,,1,May,2012,,,United States of America,California,San Bernardino County,,,Redlands,338 N Grove St,34.058288,-117.159875,,2,,,,between 341 N Grove St,,,
JS-20120501-1055-M14,,M199,Carpodacus mexicanus,1055,,,,"Song, Jackie",,,,,1,May,2012,,,United States of America,California,San Bernardino County,,,Redlands,Parking Lot,34.06582,-117.165131,,3,,,,,"Parking lot on campus, wasn't specific which one",,
JS-20120501-1055-M15,,M200,Carpodacus mexicanus,1055,,,,"Song, Jackie",,,,,1,May,2012,,,United States of America,California,San Bernardino County,,,Redlands,"Truesdail Speech Center, N University St",34.059999,-117.166298,,5,,,,Near Hentschkel Hall and Sylvan Blvd,,,
JS-20120501-1056-M17,,M201,Carpodacus mexicanus,1056,,,,"Song, Jackie",,,,,1,May,2012,,,United States of America,California,San Bernardino County,,,Redlands,1675 Industrial Park Ave,34.065999,-117.212703,,5,,,,Good Night Inn,,,
JS-20120502-1003-M1,,M202,Carpodacus mexicanus,1003,,,,"Song, Jackie",,,,,2,May,2012,,,United States of America,California,San Bernardino County,,,Yucaipa,12272 13th St,34.030838,-117.091659,,5,,,,near Ave D,,,
JS-20120502-1004-M2,,M203,Carpodacus mexicanus,1004,,,,"Song, Jackie",,,,,2,May,2012,,,United States of America,California,San Bernardino County,,,Yucaipa,32755 Ave D,34.029308,-117.089432,,9,,,,"near Thomas Lane, at the edge of a crop field",,,
JS-20120502-1005-M3,,M204,Carpodacus mexicanus,1005,,,,"Song, Jackie",,,,,2,May,2012,,,United States of America,California,San Bernardino County,,,Yucaipa,12397 15 St,34.028567,-117.098097,,3,,,,between Ave D and Avenue E,,,
JS-20120502-1005-M4,,M205,Carpodacus mexicanus,1005,,,,"Song, Jackie",,,,,2,May,2012,,,United States of America,California,San Bernardino County,,,Yucaipa,12397 15 St,34.028567,-117.098097,,8,,,,between Ave D and Avenue E,,,
JS-20120502-1006-M4,JS-20120502-1005-M4,M205,Carpodacus mexicanus,1006,,,,"Song, Jackie",,,,,2,May,2012,,,United States of America,California,San Bernardino County,,,Yucaipa,12397 15 St,34.028567,-117.098097,,20,,,,between Ave D and Avenue E,,,
JS-20120502-1007-M4,JS-20120502-1005-M4,M205,Carpodacus mexicanus,1007,,,,"Song, Jackie",,,,,2,May,2012,,,United States of America,California,San Bernardino County,,,Yucaipa,12397 15 St,34.028567,-117.098097,,17,,,,don't use M3 because it could be the same as M4 and they were in the same tree,,,
JS-20120502-1008-M5,,M206,Carpodacus mexicanus,1008,,,,"Song, Jackie",,,,,2,May,2012,,,United States of America,California,San Bernardino County,,,Yucaipa,15 St and Ave D,34.030283,-117.098669,,2,,,,,,,
JS-20120502-1008-M6,,M207,Carpodacus mexicanus,1008,,,,"Song, Jackie",,,,,2,May,2012,,,United States of America,California,San Bernardino County,,,Yucaipa,12309 15 St,34.029959,-117.098508,,10,,,,"on Ave D, scrap M5 and use M6, need to measure distance",,,
JS-20120502-1010-M7,,M208,Carpodacus mexicanus,1010,,,,"Song, Jackie",,,,,2,May,2012,,,United States of America,California,San Bernardino County,,,Yucaipa,12188 13th St,34.032322,-117.091659,,8,,,,near a Motel Complex and Yucaipa Blvd,possible address error? Original recording references 12183,,
JS-20120502-1011-M1,,M209,Carpodacus mexicanus,1011,,,,"Song, Jackie",,,,,2,May,2012,,,United States of America,California,Riverside County,,,Beaumont,901 Euclid Ave,33.934272,-116.97899,,1,,,,"on 9th St, First Baptist Church",,,
JS-20120502-1011-M2,,M210,Carpodacus mexicanus,1011,,,,"Song, Jackie",,,,,2,May,2012,,,United States of America,California,Riverside County,,,Beaumont,Euclid Ave & E 9th St,33.934009,-116.978573,,7,,,,"Across First Baptist Church, Use this over M1",,,
JS-20120502-1011-M3,,M211,Carpodacus mexicanus,1011,,,,"Song, Jackie",,,,,2,May,2012,,,United States of America,California,Riverside County,,,Beaumont,904 Euclid Ave,33.93419,-116.978196,,5,,,,,,,
JS-20120502-1012-M3,JS-20120502-1011-M3,M211,Carpodacus mexicanus,1012,,,,"Song, Jackie",,,,,2,May,2012,,,United States of America,California,Riverside County,,,Beaumont,904 Euclid Ave,33.93419,-116.978196,,32,,,,,,,
JS-20120502-1013-M3,JS-20120502-1011-M3,M211,Carpodacus mexicanus,1013,,,,"Song, Jackie",,,,,2,May,2012,,,United States of America,California,Riverside County,,,Beaumont,904 Euclid Ave,33.93419,-116.978196,,3,,,,"near 9th St, Use this over M1 and M2",,,
JS-20120502-1013-M4,,M212,Carpodacus mexicanus,1013,,,,"Song, Jackie",,,,,2,May,2012,,,United States of America,California,Riverside County,,,Beaumont,798 Magnolia,33.932279,-116.975394,,4,,,,,,,
JS-20120502-1014-M4,JS-20120502-1013-M4,M212,Carpodacus mexicanus,1014,,,,"Song, Jackie",,,,,2,May,2012,,,United States of America,California,Riverside County,,,Beaumont,798 Magnolia,33.932279,-116.975394,,6,,,,"on E 8th St, sounds faints",,,
JS-20120502-1015-M5,,M213,Carpodacus mexicanus,1015,,,,"Song, Jackie",,,,,2,May,2012,,,United States of America,California,Riverside County,,,Beaumont,798 Magnolia,33.932279,-116.975394,,6,,,,"Might be the same as M4, but this sounds a lot clearer",,,
JS-20120502-1015-M6,,M214,Carpodacus mexicanus,1015,,,,"Song, Jackie",,,,,2,May,2012,,,United States of America,California,Riverside County,,,Beaumont,798 Magnolia,33.932279,-116.975394,,3,,,,"look at Males 4, 5 and 6 to determine the best sample",,,
JS-20120502-1016-M7,,M215,Carpodacus mexicanus,1016,,,,"Song, Jackie",,,,,2,May,2012,,,United States of America,California,Riverside County,,,Beaumont,798 Magnolia,33.932279,-116.975394,,8,,,,,,,
JS-20120502-1016-M8,,M216,Carpodacus mexicanus,1016,,,,"Song, Jackie",,,,,2,May,2012,,,United States of America,California,Riverside County,,,Beaumont,798 Magnolia,33.932279,-116.975394,,2,,,,could be the same as M7,,,
JS-20120502-1016-M9,,M217,Carpodacus mexicanus,1016,,,,"Song, Jackie",,,,,2,May,2012,,,United States of America,California,Riverside County,,,Beaumont,798 Magnolia,33.932279,-116.975394,,3,,,,,,,
JS-20120502-1017-M9,JS-20120502-1016-M9,M217,Carpodacus mexicanus,1017,,,,"Song, Jackie",,,,,2,May,2012,,,United States of America,California,Riverside County,,,Beaumont,798 Magnolia,33.932279,-116.975394,,3,,,,,,,
JS-20120502-1017-M10,,M218,Carpodacus mexicanus,1017,,,,"Song, Jackie",,,,,2,May,2012,,,United States of America,California,Riverside County,,,Beaumont,774 Magnolia Ave,33.932113,-116.975394,,11,,,,,,,
JS-20120502-1018-M10,JS-20120502-1017-M10,M218,Carpodacus mexicanus,1018,,,,"Song, Jackie",,,,,2,May,2012,,,United States of America,California,Riverside County,,,Beaumont,774 Magnolia Ave,33.932113,-116.975394,,7,,,,"on E 8th St, same location as M4-M9",,,
JS-20120502-1020-M11,,M219,Carpodacus mexicanus,1020,,,,"Song, Jackie",,,,,2,May,2012,,,United States of America,California,Riverside County,,,Beaumont,1030 Maple Ave 11th,33.937119,-116.973069,,1,,,,between 10 and 11th st,,,
JS-20120502-1024-M12,,M220,Carpodacus mexicanus,1024,,,,"Song, Jackie",,,,,2,May,2012,,,United States of America,California,Riverside County,,,Beaumont,714 Cedar View Dr,33.951066,-116.969663,,34,,,,near Apple Canion Road,,,
JS-20120502-1026-M13,,M221,Carpodacus mexicanus,1026,,,,"Song, Jackie",,,,,2,May,2012,,,United States of America,California,Riverside County,,,Beaumont,509 Cynthia St,33.960895,-116.973596,,6,,,,,"Jackie didn't cite street address, but it's probably Cynthia St, location not recorded in Jackie's notebook, bad quality",,
JS-20120502-1026-M14,,M222,Carpodacus mexicanus,1026,,,,"Song, Jackie",,,,,2,May,2012,,,United States of America,California,Riverside County,,,Beaumont,500 Cynthia St,33.961246,-116.974819,,8,,,,& Vasili Ln,,,
JS-20120502-1027-M14,JS-20120502-1026-M14,M222,Carpodacus mexicanus,1027,,,,"Song, Jackie",,,,,2,May,2012,,,United States of America,California,Riverside County,,,Beaumont,500 Cynthia St,33.961246,-116.974819,,8,,,,& Vasili Ln,,,
JS-20120502-1027-M15,,M223,Carpodacus mexicanus,1027,,,,"Song, Jackie",,,,,2,May,2012,,,United States of America,California,Riverside County,,,Beaumont,500 Cynthia St,33.961246,-116.974819,,4,,,,& Vasili Ln,,,
JS-20120502-1028-M16,,M224,Carpodacus mexicanus,1028,,,,"Song, Jackie",,,,,2,May,2012,,,United States of America,California,Riverside County,,,Beaumont,507 Cynthia St,33.9608,-116.973862,,3,,,,near Vasili Ln,,,
JS-20120502-1028-M17,,M225,Carpodacus mexicanus,1028,,,,"Song, Jackie",,,,,2,May,2012,,,United States of America,California,Riverside County,,,Beaumont,500 Cynthia St,33.961246,-116.974819,,10,,,,could be the same as M14,,,
JS-20120502-1029-M18,,M226,Carpodacus mexicanus,1029,,,,"Song, Jackie",,,,,2,May,2012,,,United States of America,California,Riverside County,,,Beaumont,1740 Vasil Lane a& Cherry Valley Acres,33.929461,-116.977248,,4,,,,and Cherry Valley Acres,,,
JS-20120502-1030-M19,,M227,Carpodacus mexicanus,1030,,,,"Song, Jackie",,,,,2,May,2012,,,United States of America,California,Riverside County,,,Beaumont,390 Oak Velley Pkwy,33.947373,-116.986025,,13,,,,Noble Creek Community Center,address of the community center not given; another possible location is 650 Oak Valley Pkwy,,
JS-20120502-1031-M19,JS-20120502-1030-M19,M227,Carpodacus mexicanus,1031,,,,"Song, Jackie",,,,,2,May,2012,,,United States of America,California,Riverside County,,,Beaumont,390 Oak Velley Pkwy,33.947373,-116.986025,,12,,,,Noble Creek Community Center,address of the community center not given; another possible location is 650 Oak Valley Pkwy,,
JS-20120502-1032-M19,JS-20120502-1030-M19,M227,Carpodacus mexicanus,1032,,,,"Song, Jackie",,,,,2,May,2012,,,United States of America,California,Riverside County,,,Beaumont,390 Oak Velley Pkwy,33.947373,-116.986025,,3,,,,Noble Creek Community Center,address of the community center not given; another possible location is 650 Oak Valley Pkwy,,
JS-20120502-1034-M1,,M228,Carpodacus mexicanus,1034,,,,"Song, Jackie",,,,,2,May,2012,,,United States of America,California,Riverside County,,,Banning,453 Evans St,33.929495,-116.861394,,14,,,,near E Nicklet St,questionable quality,,
JS-20120502-1035-M2,,M229,Carpodacus mexicanus,1035,,,,"Song, Jackie",,,,,2,May,2012,,,United States of America,California,Riverside County,,,Banning,825 N Cherry St,33.932827,-116.863546,,3,,,,near George St,George St isn't the closest St to this location,,
JS-20120502-1036-M2,JS-20120502-1035-M2,M229,Carpodacus mexicanus,1036,,,,"Song, Jackie",,,,,2,May,2012,,,United States of America,California,Riverside County,,,Banning,825 N Cherry St,33.932827,-116.863546,,2,,,,,,,
JS-20120502-1036-M3,,M230,Carpodacus mexicanus,1036,,,,"Song, Jackie",,,,,2,May,2012,,,United States of America,California,Riverside County,,,Banning,734 N Cherry St,33.932021,-116.862916,,2,,,,near George St,,,
JS-20120502-1036-M4,,M231,Carpodacus mexicanus,1036,,,,"Song, Jackie",,,,,2,May,2012,,,United States of America,California,Riverside County,,,Banning,1072 E George St,33.930337,-116.865146,,5,,,,"between Almond St and Cherry St, across the st from a park",,,
JS-20120502-1037-M5,,M232,Carpodacus mexicanus,1037,,,,"Song, Jackie",,,,,2,May,2012,,,United States of America,California,Riverside County,,,Banning,1072 E George St,33.930337,-116.865146,,2,,,,"between Almond St and Cherry St, across the st from a park",,,
JS-20120502-1037-M6,,M233,Carpodacus mexicanus,1037,,,,"Song, Jackie",,,,,2,May,2012,,,United States of America,California,Riverside County,,,Banning,1072 E George St,33.930337,-116.865146,,7,,,,"between Almond St and Cherry St, across the st from a park",,,
JS-20120502-1038-M6,JS-20120502-1037-M6,M233,Carpodacus mexicanus,1038,,,,"Song, Jackie",,,,,2,May,2012,,,United States of America,California,Riverside County,,,Banning,1072 E George St,33.930337,-116.865146,,1,,,,"will use M6 for this location, and get rid of the previous ones",continuation from last song,,
JS-20120502-1039-M7,,M234,Carpodacus mexicanus,1039,,,,"Song, Jackie",,,,,2,May,2012,,,United States of America,California,Riverside County,,,Banning,,,,,9,,,,"781 Church St and Wilson, faint songs","No address matching description, location not recorded in Jackie's notebook",,
JS-20120502-1040-M8,,M235,Carpodacus mexicanus,1040,,,,"Song, Jackie",,,,,2,May,2012,,,United States of America,California,Riverside County,,,Banning,1045 N Almond Way,33.934826,-116.867214,,7,,,,and Hopper Way,"probably meant ""E Hoffer St""",,
JS-20120502-1041-M9,,M236,Carpodacus mexicanus,1041,,,,"Song, Jackie",,,,,2,May,2012,,,United States of America,California,Riverside County,,,Banning,1553 N Almond Way,33.939466,-116.867373,,20,,,,,,,
JS-20120502-1042-M9,JS-20120502-1041-M9,M236,Carpodacus mexicanus,1042,,,,"Song, Jackie",,,,,2,May,2012,,,United States of America,California,Riverside County,,,Banning,1553 N Almond Way,33.939466,-116.867373,,16,,,,,,,
JS-20120502-1043-M11,,M237,Carpodacus mexicanus,1043,,,,"Song, Jackie",,,,,2,May,2012,,,United States of America,California,Riverside County,,,Banning,1553 N Almond Way,33.939466,-116.867373,,5,,,,"near Indian Schools Ln, battery died - no M10, could be the same as M9",,,
JS-20120502-1044-M12,,M238,Carpodacus mexicanus,1044,,,,"Song, Jackie",,,,,2,May,2012,,,United States of America,California,Riverside County,,,Banning,154 Santa Rita Place,33.94236,-116.875195,,10,,,,,song recordings for a different M12 that Jackie discarded on track 1043,,
JS-20120502-1044-M13,,M239,Carpodacus mexicanus,1044,,,,"Song, Jackie",,,,,2,May,2012,,,United States of America,California,Riverside County,,,Banning,154 San Rita Place,33.94236,-116.875195,,15,,,,,,,
JS-20120502-1045-M13,JS-20120502-1044-M13,M239,Carpodacus mexicanus,1045,,,,"Song, Jackie",,,,,2,May,2012,,,United States of America,California,Riverside County,,,Banning,154 San Rita Place,33.94236,-116.875195,,3,,,,near Alessandra Rd,,,
JS-20120502-1045-M14,,M240,Carpodacus mexicanus,1045,,,,"Song, Jackie",,,,,2,May,2012,,,United States of America,California,Riverside County,,,Banning,21 W Nicolet St,33.928936,-116.877022,,4,,,,,,,
JS-20120502-1046-M14,JS-20120502-1045-M14,M240,Carpodacus mexicanus,1046,,,,"Song, Jackie",,,,,2,May,2012,,,United States of America,California,Riverside County,,,Banning,21 W Nicolet St,33.928936,-116.877022,,3,,,,in the parking lot of the Banning Public Library,difficult to hear address,,
JS-20120502-1046-M14a,,M241,Carpodacus mexicanus,1046,,,,"Song, Jackie",,,,,2,May,2012,,,United States of America,California,Riverside County,,,Banning,677 N Almond Way,33.931606,-116.867309,,12,,,,near Christie St,"naming error - different bird than M14, named M14a to differentiate",,
JS-20120502-1047-M15,,M242,Carpodacus mexicanus,1047,,,,"Song, Jackie",,,,,2,May,2012,,,United States of America,California,Riverside County,,,Banning,N Blanchard St & Christie St,33.931713,-116.865895,,11,,,,,"Track starts with one bird, flew to a different location with a second bird, Jackie wasn't sure which one was the original; parsed songs do not include the songs from first bird",,
JS-20120502-1048-M15,,M243,Carpodacus mexicanus,1048,,,,"Song, Jackie",,,,,2,May,2012,,,United States of America,California,Riverside County,,,Banning,N Blanchard St & Christie St,33.931713,-116.865895,,7,,,,Could be the same as M14a,Bad Quality,,
JS-20120502-1048-M16,,M244,Carpodacus mexicanus,1048,,,,"Song, Jackie",,,,,2,May,2012,,,United States of America,California,Riverside County,,,Banning,,,,,1,,,,Discard M16,no address given,,
JS-20120502-1051-M17,,M245,Carpodacus mexicanus,1051,,,,"Song, Jackie",,,,,2,May,2012,,,United States of America,California,Riverside County,,,Banning,434 George St,33.930774,-116.881447,,1,,,,West Colony,,,
JS-20120502-1052-M18,,M246,Carpodacus mexicanus,1052,,,,"Song, Jackie",,,,,2,May,2012,,,United States of America,California,Riverside County,,,Banning,21 W Nicolet St,33.928936,-116.877022,,5,,,,Parking lot at Banning Public Library,,,
JS-20120502-1052-M19,,M247,Carpodacus mexicanus,1052,,,,"Song, Jackie",,,,,2,May,2012,,,United States of America,California,Riverside County,,,Banning,21 W Nicolet St,33.928936,-116.877022,,2,,,,Parking lot at Banning Public Library,,,
JS-20120502-1052-M20,,M248,Carpodacus mexicanus,1052,,,,"Song, Jackie",,,,,2,May,2012,,,United States of America,California,Riverside County,,,Banning,21 W Nicolet St,33.928936,-116.877022,,1,,,,Parking lot at Banning Public Library,,,
JS-20120502-1052-M21,,M249,Carpodacus mexicanus,1052,,,,"Song, Jackie",,,,,2,May,2012,,,United States of America,California,Riverside County,,,Banning,21 W Nicolet St,33.928936,-116.877022,,1,,,,"Check M18, M19, M20 & M21 and compare which one is the best",,,
JS-20120503-1001-M1,,M250,Carpodacus mexicanus,,,,,"Song, Jackie",,,,,3,May,2012,,,United States of America,California,Riverside County,,,Palm Springs,233 Ocotillo Ave,33.8067,-116.542607,,5,,,,,,,
JS-20120503-1002-M2,,M251,Carpodacus mexicanus,,,,,"Song, Jackie",,,,,3,May,2012,,,United States of America,California,Riverside County,,,Palm Springs,271 Ocotillo Ave,33.80669,-116.5418,,28,,,,"Strange Sound, sounds like a weak singer, possibly a juvenile",Good Quality,,
JS-20120503-1003-M3,,M252,Carpodacus mexicanus,,,,,"Song, Jackie",,,,,3,May,2012,,,United States of America,California,Riverside County,,,Palm Springs,281 Ocotillo Ave,33.806699,-116.541647,,24,,,,next door to M2,"address could also be 261 Ocotillo Ave, not recorded in Jackie's notebook",,
JS-20120503-1006-M4,,M253,Carpodacus mexicanus,,,,,"Song, Jackie",,,,,3,May,2012,,,United States of America,California,Riverside County,,,Palm Springs,1193 S Calle Marcus,33.807041,-116.52939,,3,,,,same spot as M5,,,
JS-20120503-1006-M5,,M254,Carpodacus mexicanus,,,,,"Song, Jackie",,,,,3,May,2012,,,United States of America,California,Riverside County,,,Palm Springs,1193 S Calle Marcus,33.807041,-116.52939,,8,,,,and E Ocotillo Ave,,,
JS-20120503-1006-M6,,M255,Carpodacus mexicanus,,,,,"Song, Jackie",,,,,3,May,2012,,,United States of America,California,Riverside County,,,Palm Springs,1101 S Calle Marcus,33.80757,-116.529387,,1,,,,and E Ocotillo Ave,,,
JS-20120503-1007-M6,JS-20120503-1006-M6,M255,Carpodacus mexicanus,,,,,"Song, Jackie",,,,,3,May,2012,,,United States of America,California,Riverside County,,,Palm Springs,1101 S Calle Marcus,33.80757,-116.529387,,3,,,,and E Ocotillo Ave,,,
JS-20120503-1007-M7,,M256,Carpodacus mexicanus,,,,,"Song, Jackie",,,,,3,May,2012,,,United States of America,California,Riverside County,,,Palm Springs,1101 S Calle Marcus,33.80757,-116.529387,,14,,,,and E Ocotillo Ave,,,
JS-20120503-1008-M7,JS-20120503-1007-M7,M256,Carpodacus mexicanus,,,,,"Song, Jackie",,,,,3,May,2012,,,United States of America,California,Riverside County,,,Palm Springs,1101 S Calle Marcus,33.80757,-116.529387,,3,,,,"and E Ocotillo Ave, Use M17 for this location",,,
JS-20120503-1008-M8,,M257,Carpodacus mexicanus,,,,,"Song, Jackie",,,,,3,May,2012,,,United States of America,California,Riverside County,,,Palm Springs,1175 Sagebrush Rd,33.80702,-116.531087,,7,,,,and E Ocotillo Ave,,,
JS-20120503-1009-M9,,M258,Carpodacus mexicanus,,,,,"Song, Jackie",,,,,3,May,2012,,,United States of America,California,Riverside County,,,Palm Springs,1450 E Mesquite Ave,33.808869,-116.530905,,2,,,,and Sagebrush Rd,,,
JS-20120503-1009-M10,,M259,Carpodacus mexicanus,,,,,"Song, Jackie",,,,,3,May,2012,,,United States of America,California,Riverside County,,,Palm Springs,1450 E Mesquite Ave,33.808869,-116.530905,,12,,,,and Sagebrush Rd,,,
JS-20120503-1010-M10,JS-20120503-1009-M10,M259,Carpodacus mexicanus,,,,,"Song, Jackie",,,,,3,May,2012,,,United States of America,California,Riverside County,,,Palm Springs,1450 E Mesquite Ave,33.808869,-116.530905,,7,,,,and Sagebrush Rd,,,
JS-20120503-1010-M11,,M260,Carpodacus mexicanus,,,,,"Song, Jackie",,,,,3,May,2012,,,United States of America,California,Riverside County,,,Palm Springs,1450 E Mesquite Ave,33.808869,-116.530905,,12,,,,,,,
JS-20120503-1012-M12,,M261,Carpodacus mexicanus,,,,,"Song, Jackie",,,,,3,May,2012,,,United States of America,California,Riverside County,,,Palm Springs,Boys & Girls Club of Palm Springs,33.830296,-116.545292,,7,,,,,,,
JS-20120503-1012-M13,,M262,Carpodacus mexicanus,,,,,"Song, Jackie",,,,,3,May,2012,,,United States of America,California,Riverside County,,,Palm Springs,Boys & Girls Club of Palm Springs,33.830296,-116.545292,,9,,,,pick between M12 and M13,,,
JS-20120503-1013-M14,,M263,Carpodacus mexicanus,,,,,"Song, Jackie",,,,,3,May,2012,,,United States of America,California,Riverside County,,,Palm Springs,Boys & Girls Club of Palm Springs,33.830296,-116.545292,,23,,,,"next to a playground and baseball stadium, pick between M12, M13 and M14",,,
JS-20120503-1015-M15,,M264,Carpodacus mexicanus,,,,,"Song, Jackie",,,,,3,May,2012,,,United States of America,California,Riverside County,,,Palm Springs,801 S Sunrise Way,33.809884,-116.528533,,23,,,,between S Riverside Dr & E San Lorenzo Rd,,,
JS-20120503-1017-M16,,M265,Carpodacus mexicanus,,,,,"Song, Jackie",,,,,3,May,2012,,,United States of America,California,Riverside County,,,Palm Springs,1477 S Riverside Dr,33.809874,-116.530573,,8,,,,,,,
JS-20120503-1017-M17,,M266,Carpodacus mexicanus,,,,,"Song, Jackie",,,,,3,May,2012,,,United States of America,California,Riverside County,,,Palm Springs,1477 S Riverside Dr,33.809874,-116.530573,,4,,,,might be the same as M16,,,
JS-20120503-1018-M18,,M267,Carpodacus mexicanus,,,,,"Song, Jackie",,,,,3,May,2012,,,United States of America,California,Riverside County,,,Palm Springs,1477 S Riverside Dr,33.809874,-116.530573,,17,,,,"M16, M17 and M18 same location, might all be the same bird",,,
JS-20120503-1019-M19,,M268,Carpodacus mexicanus,,,,,"Song, Jackie",,,,,3,May,2012,,,United States of America,California,Riverside County,,,Palm Springs,253 E Mesquite Ave,33.8083,-116.542014,,2,,,,"sample not good, sounded like a juvenile",,,
JS-20120503-1019-M20,,M269,Carpodacus mexicanus,,,,,"Song, Jackie",,,,,3,May,2012,,,United States of America,California,Riverside County,,,Palm Springs,253 E Mesquite Ave,33.8083,-116.542014,,2,,,,,,,
JS-20120503-1020-M20,JS-20120503-1019-M20,M269,Carpodacus mexicanus,,,,,"Song, Jackie",,,,,3,May,2012,,,United States of America,California,Riverside County,,,Palm Springs,253 E Mesquite Ave,33.8083,-116.542014,,1,,,,,,,
JS-20120503-1021-M21,,M270,Carpodacus mexicanus,,,,,"Song, Jackie",,,,,3,May,2012,,,United States of America,California,Riverside County,,,Palm Springs,227 Ocotillo Ave,33.806701,-116.542917,,7,,,,near S Palo Verde Ave,,,
JS-20120503-1022-M22,,M271,Carpodacus mexicanus,,,,,"Song, Jackie",,,,,3,May,2012,,,United States of America,California,Riverside County,,,Palm Springs,470 E Sonora Rd,33.805206,-116.541798,,10,,,,near S Calle Palo Fierro,,,
JS-20120503-1022-M23,,M272,Carpodacus mexicanus,,,,,"Song, Jackie",,,,,3,May,2012,,,United States of America,California,Riverside County,,,Palm Springs,760 E Sonora Rd,33.805177,-116.539994,,4,,,,near S Indian Trail,,,
JS-20120503-1023-M23,JS-20120503-1022-M23,M272,Carpodacus mexicanus,,,,,"Song, Jackie",,,,,3,May,2012,,,United States of America,California,Riverside County,,,Palm Springs,760 E Sonora Rd,33.805177,-116.539994,,25,,,,near S Indian Trail,,,
JS-20120503-1024-M23,JS-20120503-1022-M23,M272,Carpodacus mexicanus,,,,,"Song, Jackie",,,,,3,May,2012,,,United States of America,California,Riverside County,,,Palm Springs,760 E Sonora Rd,33.805177,-116.539994,,5,,,,"near S Indian Trail, pick between M22 and M23",,,
JS-20120503-1024-M24,,M273,Carpodacus mexicanus,,,,,"Song, Jackie",,,,,3,May,2012,,,United States of America,California,Riverside County,,,Palm Springs,455 E Ave Hokona,33.803345,-116.542166,,3,,,,near Via Salida,,,
JS-20120503-1025-M25,,M274,Carpodacus mexicanus,,,,,"Song, Jackie",,,,,3,May,2012,,,United States of America,California,Riverside County,,,Palm Springs,210 W Camino Carmelita,33.794938,-116.547099,,7,,,,by S Mesa Dr,,,
JS-20120503-1028-M26,,M275,Carpodacus mexicanus,,,,,"Song, Jackie",,,,,3,May,2012,,,United States of America,California,Riverside County,,,Palm Springs,411 E Palm Canyon Dr,33.800781,-116.542971,,2,,,,parking lot near Caliente Tropics,,,
JS-20120503-1028-M27,,M276,Carpodacus mexicanus,,,,,"Song, Jackie",,,,,3,May,2012,,,United States of America,California,Riverside County,,,Palm Springs,411 E Palm Canyon Dr,33.800781,-116.542971,,14,,,,"parking lot near Caliente Tropics, same location as M26",,,
JS-20120503-1029-M28,,M277,Carpodacus mexicanus,,,,,"Song, Jackie",,,,,3,May,2012,,,United States of America,California,Riverside County,,,Palm Springs,817 E Biltmore Pl,33.805642,-116.53886,,2,,,,,,,
JS-20120503-1029-M29,,M278,Carpodacus mexicanus,,,,,"Song, Jackie",,,,,3,May,2012,,,United States of America,California,Riverside County,,,Palm Springs,852 E Biltmore Pl,33.806179,-116.538167,,10,,,,pick between M28 and M29,,,
JS-20120503-1030-M30,,M279,Carpodacus mexicanus,,,,,"Song, Jackie",,,,,3,May,2012,,,United States of America,California,Riverside County,,,Palm Springs,1085 Deep Well Rd,33.803489,-116.534635,,13,,,,near Manzanita Ave,,,
JS-20120503-1032-M31,,M280,Carpodacus mexicanus,,,,,"Song, Jackie",,,,,3,May,2012,,,United States of America,California,Riverside County,,,Palm Springs,Sunrise Park,33.816973,-116.526332,,7,,,,,,,
JS-20120503-1034-M1,,M281,Carpodacus mexicanus,,,,,"Song, Jackie",,,,,3,May,2012,,,United States of America,California,Riverside County,,,Palm Desert,72525 Pitahaya St,33.71737,-116.399494,,15,,,,,address retrieved from Jackie's notebook,,
JS-20120503-1035-M2,,M282,Carpodacus mexicanus,,,,,"Song, Jackie",,,,,3,May,2012,,,United States of America,California,Riverside County,,,Palm Desert,72582 Beavertail St,33.716795,-116.398484,,7,,,,didn’t really sing,,,
JS-20120503-1037-M3,,M283,Carpodacus mexicanus,,,,,"Song, Jackie",,,,,3,May,2012,,,United States of America,California,Riverside County,,,Palm Desert,72766 Beavertail St,33.716787,-116.395398,,5,,,,,Jackie encounters lots of problems recording birds on tracks 1035 - 1036,,
JS-20120503-1037-M4,,M284,Carpodacus mexicanus,,,,,"Song, Jackie",,,,,3,May,2012,,,United States of America,California,Riverside County,,,Palm Desert,72763 Beavertail St,33.716365,-116.395591,,2,,,,There was a feeder present where M4 was singing,,,
JS-20120503-1038-M5,,M285,Carpodacus mexicanus,,,,,"Song, Jackie",,,,,3,May,2012,,,United States of America,California,Riverside County,,,Palm Desert,72666 Hedgehog St,33.716103,-116.397033,,19,,,,near Chelsea Circle by Shadow Mountain Dr,,,
JS-20120503-1039-M6,,M286,Carpodacus mexicanus,,,,,"Song, Jackie",,,,,3,May,2012,,,United States of America,California,Riverside County,,,Palm Desert,72567 Hedgehog St,33.715614,-116.398768,,27,,,,"don’t use M5, use M6 instead",Great song resolution,,
JS-20120503-1041-M8,,M287,Carpodacus mexicanus,,,,,"Song, Jackie",,,,,3,May,2012,,,United States of America,California,Riverside County,,,Palm Desert,73710 Shadow Lake Dr,33.717344,-116.378721,,5,,,,,"recording error, Jackie didn't capture any songs for M7",,
JS-20120503-1041-M9,,M288,Carpodacus mexicanus,,,,,"Song, Jackie",,,,,3,May,2012,,,United States of America,California,Riverside County,,,Palm Desert,73710 Shadow Lake Dr,33.717344,-116.378721,,12,,,,near San Luis Rey Ave,,,
JS-20120503-1042-M9,JS-20120503-1041-M9,M288,Carpodacus mexicanus,,,,,"Song, Jackie",,,,,3,May,2012,,,United States of America,California,Riverside County,,,Palm Desert,73710 Shadow Lake Dr,33.717344,-116.378721,,20,,,,"close to M8, don’t use M8",,,
JS-20120503-1043-M9,JS-20120503-1041-M9,M288,Carpodacus mexicanus,,,,,"Song, Jackie",,,,,3,May,2012,,,United States of America,California,Riverside County,,,Palm Desert,73710 Shadow Lake Dr,33.717344,-116.378721,,11,,,,near San Luis Rey Ave,,,
JS-20120503-1044-M1,,M289,Carpodacus mexicanus,,,,,"Song, Jackie",,,,,3,May,2012,,,United States of America,California,Riverside County,,,Indio,80866 Columbia Ave,33.719753,-116.253772,,20,,,,,,,
JS-20120503-1045-M1,JS-20120503-1044-M1,M289,Carpodacus mexicanus,,,,,"Song, Jackie",,,,,3,May,2012,,,United States of America,California,Riverside County,,,Indio,80866 Columbia Ave,33.719753,-116.253772,,18,,,,near Villanova St,,,
JS-20120503-1047-M2,,M290,Carpodacus mexicanus,,,,,"Song, Jackie",,,,,3,May,2012,,,United States of America,California,Riverside County,,,Indio,Carreon Park,33.708527,-116.230093,,3,,,,"located in Caren Park, near Drive Caren Blvd",,,
JS-20120503-1049-M3,,M291,Carpodacus mexicanus,,,,,"Song, Jackie",,,,,3,May,2012,,,United States of America,California,Riverside County,,,Indio,Carreon Park,33.708527,-116.230093,,7,,,,"near Drive Caren Blvd, same branch as M2, pick between the two",,,
JS-20120503-1051-M4,,M292,Carpodacus mexicanus,,,,,"Song, Jackie",,,,,3,May,2012,,,United States of America,California,Riverside County,,,Indio,83791 Date Ave,33.710746,-116.204899,,2,,,,"Martha's Village & Kitchen, very windy","low quality, doesn't seem to contain any songs",,
JS-20120504-1001-MX,,M293,Carpodacus mexicanus,,,,,"Song, Jackie",,,,,4,May,2012,,,United States of America,California,San Bernardino County,,,Redlands,1675 Industrial Park Ave,34.065999,-117.212703,,3,,,,Good Night Inn,,,
JS-20120504-1002-MX,JS-20120504-1001-MX,M293,Carpodacus mexicanus,,,,,"Song, Jackie",,,,,4,May,2012,,,United States of America,California,San Bernardino County,,,Redlands,1675 Industrial Park Ave,34.065999,-117.212703,,23,,,,"Good Night Inn, Dark outside, couldn't see the finch",Jackie didn't seem to give this bird a name,,
JS-20120504-1003-M1,,M294,Carpodacus mexicanus,,,,,"Song, Jackie",,,,,4,May,2012,,,United States of America,California,Los Angeles County,,,Azusa,N Vernon Ave & W 2nd St,34.124471,-117.916323,,2,,,,,,,
JS-20120504-1003-M2,,M295,Carpodacus mexicanus,,,,,"Song, Jackie",,,,,4,May,2012,,,United States of America,California,Los Angeles County,,,Azusa,728 W Duell St,34.122679,-117.915356,,4,,,,"near N Vernon Ave, lots of echoes",,,
JS-20120504-1004-M3,,M296,Carpodacus mexicanus,,,,,"Song, Jackie",,,,,4,May,2012,,,United States of America,California,Los Angeles County,,,Azusa,145 N Orange Ave,34.12331,-117.913868,,2,,,,near W Duell St,,,
JS-20120504-1004-M4,,M297,Carpodacus mexicanus,,,,,"Song, Jackie",,,,,4,May,2012,,,United States of America,California,Los Angeles County,,,Azusa,436 S Vernon Ave,34.115111,-117.91594,,6,,,,near W Gladstone St,,,
JS-20120504-1004-M5,,M298,Carpodacus mexicanus,,,,,"Song, Jackie",,,,,4,May,2012,,,United States of America,California,Los Angeles County,,,Azusa,E Payson St & N Gareloch Ave,34.11286,-117.918838,,3,,,,three long songs; across the st from Valley Dale Park,,,
JS-20120504-1006-M6,,M299,Carpodacus mexicanus,,,,,"Song, Jackie",,,,,4,May,2012,,,United States of America,California,Los Angeles County,,,Azusa,156 Jackson Ave,34.11995,-117.920602,,2,,,,near Jerez St,,,
JS-20120504-1006-M7,,M300,Carpodacus mexicanus,,,,,"Song, Jackie",,,,,4,May,2012,,,United States of America,California,Los Angeles County,,,Azusa,155 Torreon Ave,34.119916,-117.920179,,1,,,,,,,
JS-20120504-1006-M8,,M301,Carpodacus mexicanus,,,,,"Song, Jackie",,,,,4,May,2012,,,United States of America,California,Los Angeles County,,,Azusa,990 Jerez Ave,34.119608,-117.920472,,2,,,,"near Jackson Ave, M6, M7, M8 all recorded within 160 meters of each other",,,
JS-20120504-1007-M9,,M302,Carpodacus mexicanus,,,,,"Song, Jackie",,,,,4,May,2012,,,United States of America,California,Los Angeles County,,,Azusa,166 Aspan Ave,34.119905,-117.919184,,14,,,,"near Jerez St, another male singing in the background; best sample out of M6, M7, M8",,,
JS-20120504-1008-M10,,M303,Carpodacus mexicanus,,,,,"Song, Jackie",,,,,4,May,2012,,,United States of America,California,Los Angeles County,,,Azusa,992 Momax Ave,34.119051,-117.920483,,13,,,,"near Jackson Ave, check for 160 meters from previous recordings",,,
JS-20120504-1009-M11,,M304,Carpodacus mexicanus,,,,,"Song, Jackie",,,,,4,May,2012,,,United States of America,California,Los Angeles County,,,Azusa,975 W 1st St,34.122016,-117.920182,,25,,,,,,,
JS-20120504-1010-M11,JS-20120504-1009-M11,M304,Carpodacus mexicanus,,,,,"Song, Jackie",,,,,4,May,2012,,,United States of America,California,Los Angeles County,,,Azusa,975 W 1st St,34.122016,-117.920182,,13,,,,"and N Aspan Ave, Zacatecas Park",,,
JS-20120504-1010-M12,,M305,Carpodacus mexicanus,,,,,"Song, Jackie",,,,,4,May,2012,,,United States of America,California,Los Angeles County,,,Azusa,S Virginia Ave & Solem Ave,34.118632,-117.918543,,5,,,,,,,
JS-20120504-1011-M12,JS-20120504-1010-M12,M305,Carpodacus mexicanus,,,,,"Song, Jackie",,,,,4,May,2012,,,United States of America,California,Los Angeles County,,,Azusa,S Virginia Ave & Solem Ave,34.118632,-117.918543,,22,,,,"moved between 3 different houses - 225, 221, 217",,,
JS-20120504-1012-M13,,M306,Carpodacus mexicanus,,,,,"Song, Jackie",,,,,4,May,2012,,,United States of America,California,Los Angeles County,,,Azusa,538 N Sunset Ave,34.131255,-117.910988,,10,,,,"near W Sixth St, The Christian Evangelical Church",,,
JS-20120504-1014-M14,,M307,Carpodacus mexicanus,,,,,"Song, Jackie",,,,,4,May,2012,,,United States of America,California,Los Angeles County,,,Azusa,608 N Soldano Ave,34.132076,-117.903331,,26,,,,,,,
JS-20120504-1015-M14,JS-20120504-1014-M14,M307,Carpodacus mexicanus,,,,,"Song, Jackie",,,,,4,May,2012,,,United States of America,California,Los Angeles County,,,Azusa,608 N Soldano Ave,34.132076,-117.903331,,7,,,,"near 6th St, background male present, good sample","bad recording, lots of background noise and weak song resolution",,
JS-20120504-1015-M15,,M308,Carpodacus mexicanus,,,,,"Song, Jackie",,,,,4,May,2012,,,United States of America,California,Los Angeles County,,,Azusa,538 E 9th St,34.137075,-117.901558,,2,,,,Azuza Pacific University,,,
JS-20120504-1016-M16,JS-20120504-1015-M15,M308,Carpodacus mexicanus,,,,,"Song, Jackie",,,,,4,May,2012,,,United States of America,California,Los Angeles County,,,Azusa,538 E 9th St,34.137075,-117.901558,,6,,,,probably the same as M15; female nearby with nesting material,,,
JS-20120504-1016-M17,JS-20120504-1015-M15,M308,Carpodacus mexicanus,,,,,"Song, Jackie",,,,,4,May,2012,,,United States of America,California,Los Angeles County,,,Azusa,538 E 9th St,34.137075,-117.901558,,6,,,,positive that this is the same bird as M15 and M16,,,
JS-20120504-1017-M18,JS-20120504-1015-M15,M308,Carpodacus mexicanus,,,,,"Song, Jackie",,,,,4,May,2012,,,United States of America,California,Los Angeles County,,,Azusa,538 E 9th St,34.137075,-117.901558,,1,,,,"positive that this is the same bird as M15, M16 and M17",,,
JS-20120504-1017-M19,JS-20120504-1015-M15,M308,Carpodacus mexicanus,,,,,"Song, Jackie",,,,,4,May,2012,,,United States of America,California,Los Angeles County,,,Azusa,538 E 9th St,34.137075,-117.901558,,1,,,,positive it’s the same as M15-M19,,,
JS-20120504-1017-M20,,M309,Carpodacus mexicanus,,,,,"Song, Jackie",,,,,4,May,2012,,,United States of America,California,Los Angeles County,,,Azusa,531 E 9th St,34.137361,-117.901789,,11,,,,,,,
JS-20120504-1018-M20,JS-20120504-1017-M20,M309,Carpodacus mexicanus,,,,,"Song, Jackie",,,,,4,May,2012,,,United States of America,California,Los Angeles County,,,Azusa,531 E 9th St,34.137361,-117.901789,,26,,,,"N Pasadena Ave, Azuza Pacific University",,,
JS-20120504-1020-M1,,M310,Carpodacus mexicanus,,,,,"Song, Jackie",,,,,4,May,2012,,,United States of America,California,Los Angeles County,,,"La Puenta, Avocado Heights",263 San Fidel Ave,34.050191,-118.004834,,3,,,,"near Proctor St, most of the time facing away from the microphone",bad sample,,
JS-20120504-1021-M2,,M311,Carpodacus mexicanus,,,,,"Song, Jackie",,,,,4,May,2012,,,United States of America,California,Los Angeles County,,,"La Puenta, Avocado Heights",13018 Proctor St,34.049481,-118.004376,,3,,,,near San Fidel Ave,,,
JS-20120504-1021-M3,,M312,Carpodacus mexicanus,,,,,"Song, Jackie",,,,,4,May,2012,,,United States of America,California,Los Angeles County,,,"La Puenta, Avocado Heights",13018 Proctor St,34.049481,-118.004376,,2,,,,could be the same as M2,,,
JS-20120504-1021-M4,,M313,Carpodacus mexicanus,,,,,"Song, Jackie",,,,,4,May,2012,,,United States of America,California,Los Angeles County,,,"La Puenta, Avocado Heights",13018 Proctor St,34.049481,-118.004376,,7,,,,,,,
JS-20120504-1022-M4,JS-20120504-1021-M4,M313,Carpodacus mexicanus,,,,,"Song, Jackie",,,,,4,May,2012,,,United States of America,California,Los Angeles County,,,"La Puenta, Avocado Heights",13018 Proctor St,34.049481,-118.004376,,7,,,,same as M3?,Might've misnamed M3 as M4,,
JS-20120504-1023-M5,,M314,Carpodacus mexicanus,,,,,"Song, Jackie",,,,,4,May,2012,,,United States of America,California,Los Angeles County,,,"La Puenta, Avocado Heights",455 S Rall Ave,34.047253,-118.007118,,8,,,,"near Obar Dr, next to 502 Obar Dr",,,
JS-20120504-1025-M6,,M315,Carpodacus mexicanus,,,,,"Song, Jackie",,,,,4,May,2012,,,United States of America,California,Los Angeles County,,,"La Puenta, Avocado Heights",358 San Angelo Ave,34.047223,-118.003636,,9,,,,,,,
JS-20120504-1025-M7,,M316,Carpodacus mexicanus,,,,,"Song, Jackie",,,,,4,May,2012,,,United States of America,California,Los Angeles County,,,"La Puenta, Avocado Heights",13003 E Arillo St,34.052472,-118.002675,,8,,,,near San Fidel Ave,,,
JS-20120504-1026-M7,JS-20120504-1025-M7,M316,Carpodacus mexicanus,,,,,"Song, Jackie",,,,,4,May,2012,,,United States of America,California,Los Angeles County,,,"La Puenta, Avocado Heights",13003 E Arillo St,34.052472,-118.002675,,11,,,,near San Fidel Ave,,,
JS-20120504-1026-M8,,M317,Carpodacus mexicanus,,,,,"Song, Jackie",,,,,4,May,2012,,,United States of America,California,Los Angeles County,,,"La Puenta, Avocado Heights",255 San Fidel Ave,34.050295,-118.004995,,15,,,,near Proctor St,,,
JS-20120504-1029-M9,,M318,Carpodacus mexicanus,,,,,"Song, Jackie",,,,,4,May,2012,,,United States of America,California,Los Angeles County,,,"La Puenta, Avocado Heights",13268 Alanwood Rd,34.043158,-118.003411,,10,,,,near Basetdale Ave,,,
JS-20120504-1029-M10,,M319,Carpodacus mexicanus,,,,,"Song, Jackie",,,,,4,May,2012,,,United States of America,California,Los Angeles County,,,"La Puenta, Avocado Heights",810 Basetdale Ave,34.041258,-118.007571,,2,,,,,,,
JS-20120504-1030-M12,,M320,Carpodacus mexicanus,,,,,"Song, Jackie",,,,,4,May,2012,,,United States of America,California,Los Angeles County,,,"La Puenta, Avocado Heights",826 Basidale Ave,34.036122,-117.991176,,2,,,,might be the same as M10 or M11,No songs from M11,,
JS-20120504-1030-M13,,M321,Carpodacus mexicanus,,,,,"Song, Jackie",,,,,4,May,2012,,,United States of America,California,Los Angeles County,,,"La Puenta, Avocado Heights",818 Basetdale Ave,34.041182,-118.007793,,3,,,,"next to M10, M11 or M12, could all be the same",,,
JS-20120504-1031-M14,,M322,Carpodacus mexicanus,,,,,"Song, Jackie",,,,,4,May,2012,,,United States of America,California,Los Angeles County,,,"La Puenta, Avocado Heights",Basetdale Ave & Vinemead Dr,34.040548,-118.009063,,4,,,,,,,
JS-20120504-1031-M15,,M323,Carpodacus mexicanus,,,,,"Song, Jackie",,,,,4,May,2012,,,United States of America,California,Los Angeles County,,,"La Puenta, Avocado Heights",Basetdale Ave & Vinemead Dr,34.040548,-118.009063,,1,,,,different than M14,,,
JS-20120504-1033-M16,,M324,Carpodacus mexicanus,,,,,"Song, Jackie",,,,,4,May,2012,,,United States of America,California,Los Angeles County,,,"La Puenta, Avocado Heights",1432 Grossmont Dr,34.03528,-118.01332,,13,,,,near Fairplain Ave,,,
JS-20120504-1034-M1,,M325,Carpodacus mexicanus,,,,,"Song, Jackie",,,,,4,May,2012,,,United States of America,California,Los Angeles County,,,Santa Fe Springs,10205 Flallon Ave,33.944213,-118.085645,,6,,,,near Joslin St,,,
JS-20120504-1034-M2,,M326,Carpodacus mexicanus,,,,,"Song, Jackie",,,,,4,May,2012,,,United States of America,California,Los Angeles County,,,Santa Fe Springs,10232 Flallon Ave,33.943483,-118.085131,,3,,,,less than 160 m from M1,,,
JS-20120504-1036-M3,,M327,Carpodacus mexicanus,,,,,"Song, Jackie",,,,,4,May,2012,,,United States of America,California,Los Angeles County,,,Santa Fe Springs,11402 Clarkman St,33.938701,-118.090169,,1,,,,"near Orr and Day Rd, corner of a park; near Santa Fe High School",,,
JS-20120504-1037-M4,,M328,Carpodacus mexicanus,,,,,"Song, Jackie",,,,,4,May,2012,,,United States of America,California,Los Angeles County,,,Santa Fe Springs,10211 Pioneer Blvd,33.943975,-118.08375,,6,,,,Clark Estates,,,
JS-20120504-1037-M5,,M329,Carpodacus mexicanus,,,,,"Song, Jackie",,,,,4,May,2012,,,United States of America,California,Los Angeles County,,,Santa Fe Springs,10211 Pioneer Blvd,33.943975,-118.08375,,3,,,,in the parking lot,,,
JS-20120504-1038-M5,JS-20120504-1037-M5,M329,Carpodacus mexicanus,,,,,"Song, Jackie",,,,,4,May,2012,,,United States of America,California,Los Angeles County,,,Santa Fe Springs,10211 Pioneer Blvd,33.943975,-118.08375,,2,,,,"in the parking lot, Clark Estates",,,
JS-20120504-1038-M6,,M330,Carpodacus mexicanus,,,,,"Song, Jackie",,,,,4,May,2012,,,United States of America,California,Los Angeles County,,,Santa Fe Springs,Flallon Ave & Joslin St,33.944362,-118.085388,,5,,,,"Flew to Alburtis Ave and Dunning St, unsure if the mic was picking up a male or female singing… could be either",address retrieved from Jackie's notebook,,
JS-20120504-1040-M7,,M331,Carpodacus mexicanus,,,,,"Song, Jackie",,,,,4,May,2012,,,United States of America,California,Los Angeles County,,,Norwalk,11528 Cecilia St,33.931826,-118.087803,,2,,,,near Roseton Ave,address retrieved from Jackie's notebook,,
JS-20120504-1041-M8,,M332,Carpodacus mexicanus,,,,,"Song, Jackie",,,,,4,May,2012,,,United States of America,California,Los Angeles County,,,Norwalk,12145 Tina St,33.926116,-118.073408,,22,,,,near Norwalk Blvd,one or two questionable parsings,,
JS-20120504-1041-M9,,M333,Carpodacus mexicanus,,,,,"Song, Jackie",,,,,4,May,2012,,,United States of America,California,Los Angeles County,,,Norwalk,12132 Tina St,33.925618,-118.07373,,5,,,,"near Norwalk Blvd, could be the same as M8",,,
JS-20120504-1042-M9,JS-20120504-1041-M9,M333,Carpodacus mexicanus,,,,,"Song, Jackie",,,,,4,May,2012,,,United States of America,California,Los Angeles County,,,Norwalk,12132 Tina St,33.925618,-118.07373,,38,,,,"near Norwalk Blvd, choose M9 over M8","M8 and M9 were hard to parse - songs were long and echoed, with background birds present",,
JS-20120505-1001-M1,,M334,Carpodacus mexicanus,,,,,"Song, Jackie",,,,,5,May,2012,,,United States of America,California,Los Angeles County,,,"West Hollywood, Los Angeles",1346 N Sycamore Ave,34.095727,-118.34246,,7,,,,,,,
JS-20120505-1001-M2,,M335,Carpodacus mexicanus,,,,,"Song, Jackie",,,,,5,May,2012,,,United States of America,California,Los Angeles County,,,"West Hollywood, Los Angeles",1346 N Sycamore Ave,34.095727,-118.34246,,2,,,,"Could be the same as M1, courted a female",,,
JS-20120505-1001-M3,,M336,Carpodacus mexicanus,,,,,"Song, Jackie",,,,,5,May,2012,,,United States of America,California,Los Angeles County,,,"West Hollywood, Los Angeles",1344 N Sycamore Ave,34.095658,-118.342807,,7,,,,Plane and car drowned out the recording,specific address not found,,
JS-20120505-1003-M4,,M337,Carpodacus mexicanus,,,,,"Song, Jackie",,,,,5,May,2012,,,United States of America,California,Los Angeles County,,,"West Hollywood, Los Angeles",1427 N Orange Dr,34.096977,-118.341828,,3,,,,"near De Longpre Ave, Off Broadway Shoeware House, near Ihop Parking lot",,,
JS-20120505-1004-M5,,M338,Carpodacus mexicanus,,,,,"Song, Jackie",,,,,5,May,2012,,,United States of America,California,Los Angeles County,,,"West Hollywood, Los Angeles",1345 N Orange Dr,34.095591,-118.341926,,3,,,,"near De Longpre Ave, not far from M4, M4 Sounded better",,,
JS-20120505-1006-M6,,M339,Carpodacus mexicanus,,,,,"Song, Jackie",,,,,5,May,2012,,,United States of America,California,Los Angeles County,,,"West Hollywood, Los Angeles",1346 N Sycamore Ave,34.095727,-118.34246,,7,,,,"hard to pick up, same tree as M1 & M2",,,
JS-20120505-1007-M7,,M340,Carpodacus mexicanus,,,,,"Song, Jackie",,,,,5,May,2012,,,United States of America,California,Los Angeles County,,,"West Hollywood, Los Angeles",1359 N Sycamore Ave,34.096006,-118.343112,,8,,,,"Compare to M1, M2 and M6; this is probably the best sample",,,
JS-20120506-1002-M1,,M341,Carpodacus mexicanus,,,,,"Song, Jackie",,,,,6,May,2012,,,United States of America,California,Los Angeles County,,,Los Angeles,Zonal Ave & San Pablo St,34.059405,-118.204619,,9,,,,"heavy echoes, singing at the wall",,,
JS-20120506-1002-M2,,M342,Carpodacus mexicanus,,,,,"Song, Jackie",,,,,6,May,2012,,,United States of America,California,Los Angeles County,,,Los Angeles,Zonal Ave & San Pablo St,34.059405,-118.204619,,1,,,,Could be the same as M1,,,
JS-20120506-1003-M3,,M343,Carpodacus mexicanus,,,,,"Song, Jackie",,,,,6,May,2012,,,United States of America,California,Los Angeles County,,,Los Angeles,Zonal Ave & San Pablo St,34.059405,-118.204619,,30,,,,,,,
JS-20120506-1004-M3,JS-20120506-1003-M3,M343,Carpodacus mexicanus,,,,,"Song, Jackie",,,,,6,May,2012,,,United States of America,California,Los Angeles County,,,Los Angeles,Zonal Ave & San Pablo St,34.059405,-118.204619,,2,,,,"Hazard Park, use this sample instead of M1 or M2",,,
JS-20120506-1006-M4,,M344,Carpodacus mexicanus,,,,,"Song, Jackie",,,,,6,May,2012,,,United States of America,California,Los Angeles County,,,Los Angeles,Hazard Park,34.060555,-118.200404,,8,,,,"Hazard Park, next to the tennis courts",,,
JS-20120506-1006-M5,,M345,Carpodacus mexicanus,,,,,"Song, Jackie",,,,,6,May,2012,,,United States of America,California,Los Angeles County,,,Los Angeles,Hazard Park,34.060555,-118.200404,,25,,,,,"difficult to parse, recorded from a distance and echoed frequently",,
JS-20120506-1007-M5,JS-20120506-1006-M5,M345,Carpodacus mexicanus,,,,,"Song, Jackie",,,,,6,May,2012,,,United States of America,California,Los Angeles County,,,Los Angeles,Hazard Park,34.060555,-118.200404,,44,,,,,,,
JS-20120506-1008-M5,JS-20120506-1006-M5,M345,Carpodacus mexicanus,,,,,"Song, Jackie",,,,,6,May,2012,,,United States of America,California,Los Angeles County,,,Los Angeles,Hazard Park,34.060555,-118.200404,,28,,,,,,,
JS-20120506-1009-M5,JS-20120506-1006-M5,M345,Carpodacus mexicanus,,,,,"Song, Jackie",,,,,6,May,2012,,,United States of America,California,Los Angeles County,,,Los Angeles,Hazard Park,34.060555,-118.200404,,26,,,,"sang over 100 songs, could be the same as M4, Hazard Park",,,
JS-20120506-1011-M6,,M346,Carpodacus mexicanus,,,,,"Song, Jackie",,,,,6,May,2012,,,United States of America,California,Los Angeles County,,,Los Angeles,Lincoln Park,34.067798,-118.202942,,28,,,,Lincoln Park,,,
JS-20120506-1012-M6,JS-20120506-1011-M6,M346,Carpodacus mexicanus,,,,,"Song, Jackie",,,,,6,May,2012,,,United States of America,California,Los Angeles County,,,Los Angeles,Lincoln Park,34.067798,-118.202942,,9,,,,Lincoln Park,,,
JS-20120506-1013-M7,,M347,Carpodacus mexicanus,,,,,"Song, Jackie",,,,,6,May,2012,,,United States of America,California,Los Angeles County,,,Los Angeles,Lincoln Park,34.067798,-118.202942,,16,,,,Parking Lot of Lincoln Park Recreation Center,,,
JS-20120506-1015-M8,,M348,Carpodacus mexicanus,,,,,"Song, Jackie",,,,,6,May,2012,,,United States of America,California,Los Angeles County,,,Los Angeles,N Mission Rd & Keith St,34.068376,-118.201262,,30,,,,,,,
JS-20120506-1016-M8,JS-20120506-1015-M8,M348,Carpodacus mexicanus,,,,,"Song, Jackie",,,,,6,May,2012,,,United States of America,California,Los Angeles County,,,Los Angeles,N Mission Rd & Keith St,34.068376,-118.201262,,3,,,,by the intersection across the 7/11,,,
JS-20120506-1018-M9,,M349,Carpodacus mexicanus,,,,,"Song, Jackie",,,,,6,May,2012,,,United States of America,California,Los Angeles County,,,Los Angeles,"LAC/USC Medical Center, 1355 San Pablo St",34.060979,-118.204089,,1,,,,At the research center,,,
JS-20120506-1018-M10,,M350,Carpodacus mexicanus,,,,,"Song, Jackie",,,,,6,May,2012,,,United States of America,California,Los Angeles County,,,Los Angeles,"LAC/USC Medical Center, Eastlake Ave & San Pablo St",34.061301,-118.203509,,7,,,,,,,
JS-20120506-1019-M10,JS-20120506-1018-M10,M350,Carpodacus mexicanus,,,,,"Song, Jackie",,,,,6,May,2012,,,United States of America,California,Los Angeles County,,,Los Angeles,"LAC/USC Medical Center, Eastlake Ave & San Pablo St",34.061301,-118.203509,,2,,,,Eye and Vision Research Center,,,
JS-20120506-1019-M11,,M351,Carpodacus mexicanus,,,,,"Song, Jackie",,,,,6,May,2012,,,United States of America,California,Los Angeles County,,,Los Angeles,"LAC/USC Medical Center, Eastlake Ave & San Pablo St",34.061301,-118.203509,,8,,,,"could be the same as M10, same location",,,
JS-20120506-1020-M13,,M352,Carpodacus mexicanus,,,,,"Song, Jackie",,,,,6,May,2012,,,United States of America,California,Los Angeles County,,,Los Angeles,"Parking lot of Zilca Neurogenetic Institute, and opposite of the USC Morris Comprehensive Cancer Center",34.052234,-118.243685,,9,,,,,confused from when she recorded M12. Looks like no successful recordings,,
JS-20120506-1022-M14,,M353,Carpodacus mexicanus,,,,,"Song, Jackie",,,,,6,May,2012,,,United States of America,California,Los Angeles County,,,Los Angeles,Chicago St & Cumming St,34.05778,-118.204974,,38,,,,,,,
JS-20120506-1023-M14,JS-20120506-1022-M14,M353,Carpodacus mexicanus,,,,,"Song, Jackie",,,,,6,May,2012,,,United States of America,California,Los Angeles County,,,Los Angeles,Chicago St & Cumming St,34.05778,-118.204974,,22,,,,Chicago St transitions into Charlotte St,,,
JS-20120506-1025-M1,,M354,Carpodacus mexicanus,,,,,"Song, Jackie",,,,,6,May,2012,,,United States of America,California,Los Angeles County,,,Pasadena,1575 Casa Grande St,34.1636,-118.117973,,17,,,,At N Sierra Bonita Ave,,,
JS-20120506-1026-M2,,M355,Carpodacus mexicanus,,,,,"Song, Jackie",,,,,6,May,2012,,,United States of America,California,Los Angeles County,,,Pasadena,1575 Casa Grande St,34.1636,-118.117973,,4,,,,,,,
JS-20120506-1026-M3,,M356,Carpodacus mexicanus,,,,,"Song, Jackie",,,,,6,May,2012,,,United States of America,California,Los Angeles County,,,Pasadena,1575 Casa Grande St,34.1636,-118.117973,,9,,,,,,,
JS-20120506-1027-M3,JS-20120506-1026-M3,M356,Carpodacus mexicanus,,,,,"Song, Jackie",,,,,6,May,2012,,,United States of America,California,Los Angeles County,,,Pasadena,1575 Casa Grande St,34.1636,-118.117973,,2,,,,use 3 instead of 2,,,
JS-20120506-1029-M5,,M357,Carpodacus mexicanus,,,,,"Song, Jackie",,,,,6,May,2012,,,United States of America,California,Los Angeles County,,,Pasadena,1285 Sinaloa Ave,34.168082,-118.115756,,7,,,,,,,
JS-20120506-1029-M6,,M358,Carpodacus mexicanus,,,,,"Song, Jackie",,,,,6,May,2012,,,United States of America,California,Los Angeles County,,,Pasadena,1285 Sinaloa Ave,34.168082,-118.115756,,5,,,,"use M5, although could be the same as M6, near Asbery Dr",,,
JS-20120506-1031-M7,,M359,Carpodacus mexicanus,,,,,"Song, Jackie",,,,,6,May,2012,,,United States of America,California,Los Angeles County,,,Pasadena,1715 Brigden Rd,34.165832,-118.115117,,3,,,,"Near Sinaloa Ave, replace with a better recording",,,
JS-20120506-1031-M8,,M360,Carpodacus mexicanus,,,,,"Song, Jackie",,,,,6,May,2012,,,United States of America,California,Los Angeles County,,,Pasadena,1045 Sinaloa Ave,34.164088,-118.11576,,1,,,,Near Whitefield Rd,,,
JS-20120506-1031-M9,,M361,Carpodacus mexicanus,,,,,"Song, Jackie",,,,,6,May,2012,,,United States of America,California,Los Angeles County,,,Pasadena,1039 Sinaloa Ave,34.163941,-118.115909,,2,,,,,,,
JS-20120506-1032-M9,JS-20120506-1031-M9,M361,Carpodacus mexicanus,,,,,"Song, Jackie",,,,,6,May,2012,,,United States of America,California,Los Angeles County,,,Pasadena,1039 Sinaloa Ave,34.163941,-118.115909,,6,,,,"Between Casa Grande St & Whitefield RD, use M9",,,
JS-20120506-1033-M10,,M362,Carpodacus mexicanus,,,,,"Song, Jackie",,,,,6,May,2012,,,United States of America,California,Los Angeles County,,,Pasadena,945 N Chester Ave,34.162251,-118.12477,,5,,,,near E Mountain St,,,
JS-20120506-1037-M11,,M363,Carpodacus mexicanus,,,,,"Song, Jackie",,,,,6,May,2012,,,United States of America,California,Los Angeles County,,,Pasadena,2037 Roxbury Dr,34.164129,-118.108448,,3,,,,near E Mountain St,,,
JS-20120506-1037-M12,,M364,Carpodacus mexicanus,,,,,"Song, Jackie",,,,,6,May,2012,,,United States of America,California,Los Angeles County,,,Pasadena,2011 Roxbury Dr,34.164129,-118.108448,,14,,,,"near E Mountain St, too close to M11, trash M11 and use M12",,,
JS-20120506-1038-M13,,M365,Carpodacus mexicanus,,,,,"Song, Jackie",,,,,6,May,2012,,,United States of America,California,Los Angeles County,,,Pasadena,965 Roxbury Dr,34.162638,-118.108778,,5,,,,"near E Dudley St, close to M11 & 12",,,
JS-20120506-1038-M14,,M366,Carpodacus mexicanus,,,,,"Song, Jackie",,,,,6,May,2012,,,United States of America,California,Los Angeles County,,,Pasadena,855 N Craig Ave,34.161063,-118.106519,,2,,,,near E Mountain St,,,
JS-20120506-1039-M15,,M367,Carpodacus mexicanus,,,,,"Song, Jackie",,,,,6,May,2012,,,United States of America,California,Los Angeles County,,,Pasadena,1893 E Mountain St,34.162187,-118.111216,,10,,,,,,,
JS-20120506-1040-M15,JS-20120506-1039-M15,M367,Carpodacus mexicanus,,,,,"Song, Jackie",,,,,6,May,2012,,,United States of America,California,Los Angeles County,,,Pasadena,1893 E Mountain St,34.162187,-118.111216,,2,,,,near Victoria Dr,in between Victoria Dr & Palo Verde Ave,,
JS-20120506-1042-M1,,M368,Carpodacus mexicanus,,,,,"Song, Jackie",,,,,6,May,2012,,,United States of America,California,Los Angeles County,,,Eagle Rock,"Stewart Cleland Hall, Occidental College",34.132247,-118.211726,,3,,,,near Bird Rd,,,
JS-20120506-1042-M2,,M369,Carpodacus mexicanus,,,,,"Song, Jackie",,,,,6,May,2012,,,United States of America,California,Los Angeles County,,,Eagle Rock,"Stewart Cleland Hall, Occidental College",34.132247,-118.211726,,3,,,,"Center for Gender Equity, pick between M1 & M2",Pick M2,,
JS-20120506-1044-M3,,M370,Carpodacus mexicanus,,,,,"Song, Jackie",,,,,6,May,2012,,,United States of America,California,Los Angeles County,,,Eagle Rock,Patterson Field & Johnson Student Center,34.132247,-118.211726,,5,,,,,,,
JS-20120506-1045-M4,,M371,Carpodacus mexicanus,,,,,"Song, Jackie",,,,,6,May,2012,,,United States of America,California,Los Angeles County,,,Eagle Rock,Chilcot Hall & Haines Hall,34.132247,-118.211726,,4,,,,in the courtyard between the two buildings,clean sample,,
JS-20120506-1045-M5,,M372,Carpodacus mexicanus,,,,,"Song, Jackie",,,,,6,May,2012,,,United States of America,California,Los Angeles County,,,Eagle Rock,Chilcot Hall & Haines Hall,34.132247,-118.211726,,1,,,,in the courtyard between the two buildings,,,
JS-20120506-1046-M6,,M373,Carpodacus mexicanus,,,,,"Song, Jackie",,,,,6,May,2012,,,United States of America,California,Los Angeles County,,,Eagle Rock,Braun Hall,34.12647,-118.209305,,39,,,,on Coons Rd and Anderson Field,,,
JS-20120506-1047-M6,JS-20120506-1046-M6,M373,Carpodacus mexicanus,,,,,"Song, Jackie",,,,,6,May,2012,,,United States of America,California,Los Angeles County,,,Eagle Rock,Braun Hall,34.12647,-118.209305,,8,,,,"on Coons Rd and Anderson Field, Good Sample",,,
JS-20120506-1049-M7,,M374,Carpodacus mexicanus,,,,,"Song, Jackie",,,,,6,May,2012,,,United States of America,California,Los Angeles County,,,Eagle Rock,Keck Theater,34.128436,-118.208408,,3,,,,on Coons Rd near Haines Hall ,,,
JS-20120506-1049-M8,,M375,Carpodacus mexicanus,,,,,"Song, Jackie",,,,,6,May,2012,,,United States of America,California,Los Angeles County,,,Eagle Rock,Keck Theater,34.128436,-118.208408,,6,,,,"on Coons Rd near Haines Hall, pick M8, not M7",,,
JS-20120506-1052-M9,,M376,Carpodacus mexicanus,,,,,"Song, Jackie",,,,,6,May,2012,,,United States of America,California,Los Angeles County,,,Eagle Rock,4577 Alumni Ave,34.125846,-118.215737,,7,,,,near Ave 46,,,
JS-20120506-1052-M10,,M377,Carpodacus mexicanus,,,,,"Song, Jackie",,,,,6,May,2012,,,United States of America,California,Los Angeles County,,,Eagle Rock,4829 Stratford Rd,34.123788,-118.209449,,2,,,,intersecting Mt Pleasant St,,,
JS-20120506-1052-M11,,M378,Carpodacus mexicanus,,,,,"Song, Jackie",,,,,6,May,2012,,,United States of America,California,Los Angeles County,,,Eagle Rock,1526 N Avenue 50,34.123784,-118.206074,,5,,,,,,,
JS-20120506-1053-M12,,M379,Carpodacus mexicanus,,,,,"Song, Jackie",,,,,6,May,2012,,,United States of America,California,Los Angeles County,,,Eagle Rock,1526 N Avenue 50,34.123784,-118.206074,,2,,,,"intersecting Range View Ave, could be the same as M11",,,
JS-20120506-1053-M13,,M380,Carpodacus mexicanus,,,,,"Song, Jackie",,,,,6,May,2012,,,United States of America,California,Los Angeles County,,,Eagle Rock,1526 N Avenue 50,34.123784,-118.206074,,5,,,,"intersecting Range View Ave, use this over M11 and M12",,,
JS-20120506-1053-M14,,M381,Carpodacus mexicanus,,,,,"Song, Jackie",,,,,6,May,2012,,,United States of America,California,Los Angeles County,,,Eagle Rock,5063 Range View Ave,34.123837,-118.204162,,4,,,,,,,
JS-20120506-1054-M14,JS-20120506-1053-M14,M381,Carpodacus mexicanus,,,,,"Song, Jackie",,,,,6,May,2012,,,United States of America,California,Los Angeles County,,,Eagle Rock,5063 Range View Ave,34.123837,-118.204162,,3,,,,on N Ave 51,,,
JS-20120507-1002-M1,,M382,Carpodacus mexicanus,,,,,"Song, Jackie",,,,,7,May,2012,,,United States of America,California,Los Angeles County,,,Pacific Palisades,17050 Levorno Dr,34.041806,-118.549925,,17,,,,next to Marquez Ave,,,
JS-20120507-1003-M2,,M383,Carpodacus mexicanus,,,,,"Song, Jackie",,,,,7,May,2012,,,United States of America,California,Los Angeles County,,,Pacific Palisades,17008 Levorno Dr,34.04283,-118.54912,,14,,,,next to Marquez Ave,,,
JS-20120507-1005-M3,,M384,Carpodacus mexicanus,,,,,"Song, Jackie",,,,,7,May,2012,,,United States of America,California,Los Angeles County,,,Pacific Palisades,648 Jacon Way,34.04812,-118.547244,,8,,,,near Latchman Ln ,,,
JS-20120507-1006-M3,JS-20120507-1005-M3,M384,Carpodacus mexicanus,,,,,"Song, Jackie",,,,,7,May,2012,,,United States of America,California,Los Angeles County,,,Pacific Palisades,648 Jacon Way,34.04812,-118.547244,,19,,,,"ok sample, switched perches halfway through recording then difficult to get a good recording",,,
JS-20120507-1007-M4,,M385,Carpodacus mexicanus,,,,,"Song, Jackie",,,,,7,May,2012,,,United States of America,California,Los Angeles County,,,Pacific Palisades,1001 Enchanted Way,34.054843,-118.549429,,6,,,,,,,
JS-20120507-1007-M5,,M386,Carpodacus mexicanus,,,,,"Song, Jackie",,,,,7,May,2012,,,United States of America,California,Los Angeles County,,,Pacific Palisades,1001 Enchanted Way,34.054843,-118.549429,,12,,,,,,,
JS-20120507-1008-M5,JS-20120507-1007-M5,M386,Carpodacus mexicanus,,,,,"Song, Jackie",,,,,7,May,2012,,,United States of America,California,Los Angeles County,,,Pacific Palisades,1001 Enchanted Way,34.054843,-118.549429,,13,,,,M4 & M5 could be the same male - scrap M4 and use M5,,,
JS-20120507-1010-M6,,M387,Carpodacus mexicanus,,,,,"Song, Jackie",,,,,7,May,2012,,,United States of America,California,Los Angeles County,,,Pacific Palisades,543 El Medio Ave,34.043007,-118.534863,,21,,,,near W Miami Way,,,
JS-20120507-1012-M7,,M388,Carpodacus mexicanus,,,,,"Song, Jackie",,,,,7,May,2012,,,United States of America,California,Los Angeles County,,,Pacific Palisades,429 N Puerto Del Mar,34.041037,-118.539623,,4,,,,,,,
JS-20120507-1013-M8,,M389,Carpodacus mexicanus,,,,,"Song, Jackie",,,,,7,May,2012,,,United States of America,California,Los Angeles County,,,Pacific Palisades,754 N Swarthmore Ave,34.044098,-118.526603,,1,,,,near Patterson Pl,,,
JS-20120507-1014-M9,,M390,Carpodacus mexicanus,,,,,"Song, Jackie",,,,,7,May,2012,,,United States of America,California,Los Angeles County,,,Pacific Palisades,687 Hampden Pl,34.042381,-118.526684,,11,,,,Near N Swarthmore Ave and in the area of the Palisades Park Recreation Center,,,
JS-20120507-1015-M1,,M391,Carpodacus mexicanus,,,,,"Song, Jackie",,,,,7,May,2012,,,United States of America,California,Los Angeles County,,,Malibu,pinned on map,34.038702,-118.70571,,30,,,,Pepperdine Campus,used same pin as M2,,
JS-20120507-1016-M1,JS-20120507-1015-M1,M391,Carpodacus mexicanus,,,,,"Song, Jackie",,,,,7,May,2012,,,United States of America,California,Los Angeles County,,,Malibu,pinned on map,34.038702,-118.70571,,9,,,,,"great recording, used same pin as M2",,
JS-20120507-1018-M2,,M392,Carpodacus mexicanus,,,,,"Song, Jackie",,,,,7,May,2012,,,United States of America,California,Los Angeles County,,,Malibu,pinned on map,34.038702,-118.70571,,3,,,,"Highway 1, overlooking the Pacific Ocean, close to M1",,,
JS-20120507-1018-M3,,M393,Carpodacus mexicanus,,,,,"Song, Jackie",,,,,7,May,2012,,,United States of America,California,Los Angeles County,,,Malibu,pinned on map,34.038233,-118.705997,,1,,,,"use this, probably further from M1's location than M2",,,
JS-20120507-1020-M4,,M394,Carpodacus mexicanus,,,,,"Song, Jackie",,,,,7,May,2012,,,United States of America,California,Los Angeles County,,,Malibu,"University Church of Christ, 24255 Pacific Coast Hwy",34.038983,-118.707426,,4,,,,"entrance to Chapel Parking Lot, really close to previous males (50 - 80 meters away)",,,
JS-20120507-1022-M6,,M395,Carpodacus mexicanus,,,,,"Song, Jackie",,,,,7,May,2012,,,United States of America,California,Los Angeles County,,,Malibu,24254 Malibu Rd,34.030478,-118.703879,,9,,,,,Address retrieved from Jackie's notebook,,
JS-20120507-1022-M7,,M396,Carpodacus mexicanus,,,,,"Song, Jackie",,,,,7,May,2012,,,United States of America,California,Los Angeles County,,,Malibu,24254 Malibu Rd,34.030478,-118.703879,,4,,,,might be same as M6,Address retrieved from Jackie's notebook,,
JS-20120507-1024-M8,,M397,Carpodacus mexicanus,,,,,"Song, Jackie",,,,,7,May,2012,,,United States of America,California,Los Angeles County,,,Malibu,24572 Malibu Rd,34.030748,-118.710983,,7,,,,,address retrieved from Jackie's notebook,,
JS-20120507-1024-M9,JS-20120507-1024-M8,M397,Carpodacus mexicanus,,,,,"Song, Jackie",,,,,7,May,2012,,,United States of America,California,Los Angeles County,,,Malibu,24572 Malibu Rd,34.030748,-118.710983,,3,,,,"same as M8, use M8",address retrieved from Jackie's notebook,,
JS-20120507-1025-M10,,M398,Carpodacus mexicanus,,,,,"Song, Jackie",,,,,7,May,2012,,,United States of America,California,Los Angeles County,,,Malibu,24802 Malibu Rd,34.031598,-118.715351,,9,,,,,,,
JS-20120507-1026-M11,,M399,Carpodacus mexicanus,,,,,"Song, Jackie",,,,,7,May,2012,,,United States of America,California,Los Angeles County,,,Malibu,24864 Malibu Rd,34.031558,-118.717295,,24,,,,,weak recording,,
JS-20120507-1027-M11,JS-20120507-1026-M11,M399,Carpodacus mexicanus,,,,,"Song, Jackie",,,,,7,May,2012,,,United States of America,California,Los Angeles County,,,Malibu,24864 Malibu Rd,34.031558,-118.717295,,9,,,,,weak recording,,
JS-20120507-1028-M12,,M400,Carpodacus mexicanus,,,,,"Song, Jackie",,,,,7,May,2012,,,United States of America,California,Los Angeles County,,,Malibu,25036 Malibu Rd,34.03158,-118.72076,,10,,,,,,,
JS-20120507-1029-M13,,M401,Carpodacus mexicanus,,,,,"Song, Jackie",,,,,7,May,2012,,,United States of America,California,Los Angeles County,,,Malibu,2565 Malibu Rd,,,,9,,,,,address not found on Google Maps,,
JS-20120507-1030-M14,,M402,Carpodacus mexicanus,,,,,"Song, Jackie",,,,,7,May,2012,,,United States of America,California,Los Angeles County,,,Malibu,25322 Malibu Rd,34.032351,-118.72667,,16,,,,,,,
JS-20120507-1031-M15,,M403,Carpodacus mexicanus,,,,,"Song, Jackie",,,,,7,May,2012,,,United States of America,California,Los Angeles County,,,Malibu,25376 Malibu Rd,34.032576,-118.728464,,36,,,,,,,
JS-20120507-1032-M15,JS-20120507-1031-M15,M403,Carpodacus mexicanus,,,,,"Song, Jackie",,,,,7,May,2012,,,United States of America,California,Los Angeles County,,,Malibu,25376 Malibu Rd,34.032576,-118.728464,,16,,,,,,,
JS-20120508-1002-M1,,M404,Carpodacus mexicanus,,,,,"Song, Jackie",,,,,8,May,2012,,,United States of America,California,Los Angeles County,,,Glendale,688 Berchit St,34.157877,-118.270587,,4,,,,near Concord St,,,
JS-20120508-1003-M2,,M405,Carpodacus mexicanus,,,,,"Song, Jackie",,,,,8,May,2012,,,United States of America,California,Los Angeles County,,,Glendale,688 Berchit St,34.157877,-118.270587,,22,,,,could be the same as M1,great recording,,
JS-20120508-1004-M3,,M406,Carpodacus mexicanus,,,,,"Song, Jackie",,,,,8,May,2012,,,United States of America,California,Los Angeles County,,,Glendale,543 Arden Ave,34.158444,-118.265586,,26,,,,"The Lark Musical Society, in between N Kenilworth Ave & N Pacific Ave",,,
JS-20120508-1006-M4,,M407,Carpodacus mexicanus,,,,,"Song, Jackie",,,,,8,May,2012,,,United States of America,California,Los Angeles County,,,Glendale,800 Patterson Ave,34.157575,-118.27378,,2,,,,on Estelle Ave,,,
JS-20120508-1006-M5,,M408,Carpodacus mexicanus,,,,,"Song, Jackie",,,,,8,May,2012,,,United States of America,California,Los Angeles County,,,Glendale,804 Patterson Ave,34.157616,-118.273942,,14,,,,near Estelle Ave,,,
JS-20120508-1007-M6,,M409,Carpodacus mexicanus,,,,,"Song, Jackie",,,,,8,May,2012,,,United States of America,California,Los Angeles County,,,Glendale,812 Patterson Ave,34.157696,-118.274267,,34,,,,,,,
JS-20120508-1008-M6,JS-20120508-1007-M6,M409,Carpodacus mexicanus,,,,,"Song, Jackie",,,,,8,May,2012,,,United States of America,California,Los Angeles County,,,Glendale,812 Patterson Ave,34.157696,-118.274267,,19,,,,use M6 instead of M5 & M4,,,
JS-20120508-1009-M7,,M410,Carpodacus mexicanus,,,,,"Song, Jackie",,,,,8,May,2012,,,United States of America,California,Los Angeles County,,,Glendale,815 Kellogg Ave,34.159689,-118.278308,,29,,,,,,,
JS-20120508-1010-M7,JS-20120508-1009-M7,M410,Carpodacus mexicanus,,,,,"Song, Jackie",,,,,8,May,2012,,,United States of America,California,Los Angeles County,,,Glendale,815 Kellogg Ave,34.159689,-118.278308,,1,,,,near Pelanconi Ave,,,
JS-20120508-1011-M8,,M411,Carpodacus mexicanus,,,,,"Song, Jackie",,,,,8,May,2012,,,United States of America,California,Los Angeles County,,,Glendale,723 W California Ave,34.150236,-118.270965,,2,,,,"on Concord St, House Number 725","address not found on Google Maps, could be referring to 723 or 735",,
JS-20120508-1011-M9,,M412,Carpodacus mexicanus,,,,,"Song, Jackie",,,,,8,May,2012,,,United States of America,California,Los Angeles County,,,Glendale,303 Chester St,34.150071,-118.269875,,3,,,,near W California Ave,,,
JS-20120508-1011-M10,,M413,Carpodacus mexicanus,,,,,"Song, Jackie",,,,,8,May,2012,,,United States of America,California,Los Angeles County,,,Glendale,308 Chester St,34.150787,-118.269842,,5,,,,"near W California Ave, better than M9",,,
JS-20120508-1012-M11,,M414,Carpodacus mexicanus,,,,,"Song, Jackie",,,,,8,May,2012,,,United States of America,California,Los Angeles County,,,Glendale,546 Salem St,34.148635,-118.266637,,11,,,,near N Kenilworth Ave,,,
JS-20120508-1013-M12,,M415,Carpodacus mexicanus,,,,,"Song, Jackie",,,,,8,May,2012,,,United States of America,California,Los Angeles County,,,Glendale,546 Salem St,34.148635,-118.266637,,2,,,,"near N Kenilworth Ave, same spot as M11",,,
JS-20120508-1015-M13,,M416,Carpodacus mexicanus,,,,,"Song, Jackie",,,,,8,May,2012,,,United States of America,California,Los Angeles County,,,Glendale,731 W Wilson Ave,34.148215,-118.271302,,14,,,,on Concord St and near the Clear Image Printing Company,,,
JS-20120508-1016-M1,,M417,Carpodacus mexicanus,,,,,"Song, Jackie",,,,,8,May,2012,,,United States of America,California,Los Angeles County,,,Hollywood,1924 N Wilton Place,34.105436,-118.313624,,23,,,,between Franklin Ave & Foothold Dr,,,
JS-20120508-1017-M1,JS-20120508-1016-M1,M417,Carpodacus mexicanus,,,,,"Song, Jackie",,,,,8,May,2012,,,United States of America,California,Los Angeles County,,,Hollywood,1924 N Wilton Place,34.105436,-118.313624,,7,,,,,,,
JS-20120508-1018-M2,,M418,Carpodacus mexicanus,,,,,"Song, Jackie",,,,,8,May,2012,,,United States of America,California,Los Angeles County,,,Hollywood,5783 Foothill Dr,34.107998,-118.315784,,25,,,,"on Briarcliff Rd, not a good singer… maybe 10 full songs?",,,
JS-20120508-1020-M3,,M419,Carpodacus mexicanus,,,,,"Song, Jackie",,,,,8,May,2012,,,United States of America,California,Los Angeles County,,,Hollywood,5800 Carlton Way,34.100447,-118.316684,,6,,,,near N Bronson Ave,,,
JS-20120508-1021-M4,,M420,Carpodacus mexicanus,,,,,"Song, Jackie",,,,,8,May,2012,,,United States of America,California,Los Angeles County,,,Hollywood,1650 N Serrano Ave,34.101198,-118.30672,,1,,,,near Carlton Way & Hollywood Blvd,,,
JS-20120508-1022-M5,,M421,Carpodacus mexicanus,,,,,"Song, Jackie",,,,,8,May,2012,,,United States of America,California,Los Angeles County,,,Hollywood,2015 N Hobart Blvd,34.107224,-118.306373,,6,,,,near Franklin Ave,,,
JS-20120508-1022-M6,,M422,Carpodacus mexicanus,,,,,"Song, Jackie",,,,,8,May,2012,,,United States of America,California,Los Angeles County,,,Hollywood,2015 N Hobart Blvd,34.107224,-118.306373,,13,,,,near Franklin Ave,,,
JS-20120508-1024-M7,,M423,Carpodacus mexicanus,,,,,"Song, Jackie",,,,,8,May,2012,,,United States of America,California,Los Angeles County,,,Hollywood,5933 Canyon Heights Ln,34.114489,-118.317373,,23,,,,,,,
JS-20120508-1025-M7,JS-20120508-1024-M7,M423,Carpodacus mexicanus,,,,,"Song, Jackie",,,,,8,May,2012,,,United States of America,California,Los Angeles County,,,Hollywood,5933 Canyon Heights Ln,34.114489,-118.317373,,4,,,,near Canyon Dr,,,
JS-20120508-1026-M8,,M424,Carpodacus mexicanus,,,,,"Song, Jackie",,,,,8,May,2012,,,United States of America,California,Los Angeles County,,,Hollywood,2547 Canyon Dr,34.117052,-118.316606,,3,,,,near Spring Oak Dr,,,
JS-20120508-1026-M9,,M425,Carpodacus mexicanus,,,,,"Song, Jackie",,,,,8,May,2012,,,United States of America,California,Los Angeles County,,,Hollywood,2547 Canyon Dr,34.117052,-118.316606,,1,,,,near Spring Oak Dr,,,
JS-20120508-1026-M10,,M426,Carpodacus mexicanus,,,,,"Song, Jackie",,,,,8,May,2012,,,United States of America,California,Los Angeles County,,,Hollywood,2550 Canyon Dr,34.117269,-118.316032,,7,,,,near Spring Oak Dr,choose M10,,
JS-20120508-1028-M11,,M427,Carpodacus mexicanus,,,,,"Song, Jackie",,,,,8,May,2012,,,United States of America,California,Los Angeles County,,,Hollywood,2707 Canyon Dr,34.119616,-118.316469,,14,,,,"Carolus Dr, at the entrance to Grifith Park",,,
JS-20120508-1030-M1,,M428,Carpodacus mexicanus,,,,,"Song, Jackie",,,,,8,May,2012,,,United States of America,California,Los Angeles County,,,"Van Nuys, Los Angeles",4823 Tilden Ave,34.158306,-118.447886,,2,,,,near Riverside Ave and Van Nuys Blvd,"Area also known as Sherman Oaks, but appears as Los Angeles on Google",,
JS-20120508-1030-M2,,M429,Carpodacus mexicanus,,,,,"Song, Jackie",,,,,8,May,2012,,,United States of America,California,Los Angeles County,,,"Van Nuys, Los Angeles",4816 Tilden Ave,34.158165,-118.447283,,7,,,,,,,
JS-20120508-1031-M2,JS-20120508-1030-M2,M429,Carpodacus mexicanus,,,,,"Song, Jackie",,,,,8,May,2012,,,United States of America,California,Los Angeles County,,,"Van Nuys, Los Angeles",4816 Tilden Ave,34.158165,-118.447283,,34,,,,,,,
JS-20120508-1032-M2,JS-20120508-1030-M2,M429,Carpodacus mexicanus,,,,,"Song, Jackie",,,,,8,May,2012,,,United States of America,California,Los Angeles County,,,"Van Nuys, Los Angeles",4816 Tilden Ave,34.158165,-118.447283,,2,,,,"don’t use M1, use this instead",,,
JS-20120508-1034-M3,,M430,Carpodacus mexicanus,,,,,"Song, Jackie",,,,,8,May,2012,,,United States of America,California,Los Angeles County,,,"Van Nuys, Los Angeles",14649 Addison St,34.161494,-118.452677,,22,,,,near Cedros Ave,,,
JS-20120508-1035-M4,,M431,Carpodacus mexicanus,,,,,"Song, Jackie",,,,,8,May,2012,,,United States of America,California,Los Angeles County,,,"Van Nuys, Los Angeles",5115 Vesper Ave,34.163542,-118.451214,,8,,,,near Otsego St,,,
JS-20120508-1037-M5,,M432,Carpodacus mexicanus,,,,,"Song, Jackie",,,,,8,May,2012,,,United States of America,California,Los Angeles County,,,"Van Nuys, Los Angeles",,,,,3,,,,"14755 Valleyheart Dr S and Willis Ave, Ernie's Walk",address not found on Google Maps,,
JS-20120508-1040-M6,,M433,Carpodacus mexicanus,,,,,"Song, Jackie",,,,,8,May,2012,,,United States of America,California,Los Angeles County,,,"Van Nuys, Los Angeles",4708 Vesper Ave,34.156294,-118.450596,,6,,,,near Camarillo St,,,
JS-20120508-1041-M7,,M434,Carpodacus mexicanus,,,,,"Song, Jackie",,,,,8,May,2012,,,United States of America,California,Los Angeles County,,,"Van Nuys, Los Angeles",4634 Vesper Ave,34.155745,-118.450596,,2,,,,"near Camarillo St, Pick between M6 & M7… probably M6",,,
JS-20120508-1043-M8,,M435,Carpodacus mexicanus,,,,,"Song, Jackie",,,,,8,May,2012,,,United States of America,California,Los Angeles County,,,"Van Nuys, Los Angeles",5120 Stansbury Ave,34.197577,-118.441062,,2,,,,on Hartsook St,,,
JS-20120508-1043-M9,,M436,Carpodacus mexicanus,,,,,"Song, Jackie",,,,,8,May,2012,,,United States of America,California,Los Angeles County,,,"Van Nuys, Los Angeles",Stansbury Ave & Hazeltine Ave,34.222584,-118.440245,,8,,,,between Hartsook St & Magnolia Blvd,,,
JS-20120508-1044-M9,JS-20120508-1043-M9,M436,Carpodacus mexicanus,,,,,"Song, Jackie",,,,,8,May,2012,,,United States of America,California,Los Angeles County,,,"Van Nuys, Los Angeles",Stansbury Ave & Hazeltine Ave,34.222584,-118.440245,,1,,,,Use M9 instead of M8,,,
JS-20120509-1002-M1,,M437,Carpodacus mexicanus,,,,,"Song, Jackie",,,,,9,May,2012,,,United States of America,California,Los Angeles County,,,Rancho Palos Verdes,4105 Exultant Dr,33.736098,-118.351815,,17,,,,near Stalwart Dr,,,
JS-20120509-1003-M2,,M438,Carpodacus mexicanus,,,,,"Song, Jackie",,,,,9,May,2012,,,United States of America,California,Los Angeles County,,,Rancho Palos Verdes,4351 Dauntless Dr,33.739722,-118.355299,,2,,,,near Exultant Dr,,,
JS-20120509-1004-M3,,M439,Carpodacus mexicanus,,,,,"Song, Jackie",,,,,9,May,2012,,,United States of America,California,Los Angeles County,,,Rancho Palos Verdes,4324 Admirable Dr,33.737941,-118.35624,,5,,,,,,,
JS-20120509-1004-M4,,M440,Carpodacus mexicanus,,,,,"Song, Jackie",,,,,9,May,2012,,,United States of America,California,Los Angeles County,,,Rancho Palos Verdes,4342 Admirable Dr,33.738339,-118.356617,,13,,,,,,,
JS-20120509-1005-M4,JS-20120509-1004-M4,M440,Carpodacus mexicanus,,,,,"Song, Jackie",,,,,9,May,2012,,,United States of America,California,Los Angeles County,,,Rancho Palos Verdes,4342 Admirable Dr,33.738339,-118.356617,,38,,,,,,,
JS-20120509-1006-M4,JS-20120509-1004-M4,M440,Carpodacus mexicanus,,,,,"Song, Jackie",,,,,9,May,2012,,,United States of America,California,Los Angeles County,,,Rancho Palos Verdes,4342 Admirable Dr,33.738339,-118.356617,,1,,,,"Use M4, scrap M3",,,
JS-20120509-1007-M5,,M441,Carpodacus mexicanus,,,,,"Song, Jackie",,,,,9,May,2012,,,United States of America,California,Los Angeles County,,,Rancho Palos Verdes,Stalwart Dr & Dauntless Dr,33.739035,-118.353801,,4,,,,,,,
JS-20120509-1007-M6,,M442,Carpodacus mexicanus,,,,,"Song, Jackie",,,,,9,May,2012,,,United States of America,California,Los Angeles County,,,Rancho Palos Verdes,4313 Dauntless Dr,33.739404,-118.354138,,8,,,,near Stalwart Dr,,,
JS-20120509-1009-M7,,M443,Carpodacus mexicanus,,,,,"Song, Jackie",,,,,9,May,2012,,,United States of America,California,Los Angeles County,,,Rancho Palos Verdes,32206 Schooner Dr,33.73832,-118.351247,,39,,,,,,,
JS-20120509-1010-M7,JS-20120509-1009-M7,M443,Carpodacus mexicanus,,,,,"Song, Jackie",,,,,9,May,2012,,,United States of America,California,Los Angeles County,,,Rancho Palos Verdes,32206 Schooner Dr,33.73832,-118.351247,,6,,,,near Dauntless Dr,,,
JS-20120509-1011-M8,,M444,Carpodacus mexicanus,,,,,"Song, Jackie",,,,,9,May,2012,,,United States of America,California,Los Angeles County,,,Rancho Palos Verdes,2603 S Patton Ave,33.720653,-118.305964,,3,,,,near W 26th St,,,
JS-20120509-1012-M9,,M445,Carpodacus mexicanus,,,,,"Song, Jackie",,,,,9,May,2012,,,United States of America,California,Los Angeles County,,,"San Pedro, Los Angeles",3402 W 34th St,33.717465,-118.303658,,5,,,,near Barbara St,,,
JS-20120509-1012-M10,,M446,Carpodacus mexicanus,,,,,"Song, Jackie",,,,,9,May,2012,,,United States of America,California,Los Angeles County,,,"San Pedro, Los Angeles",3220 S Walker Ave,33.717896,-118.303401,,21,,,,,,,
JS-20120509-1013-M10,JS-20120509-1012-M10,M446,Carpodacus mexicanus,,,,,"Song, Jackie",,,,,9,May,2012,,,United States of America,California,Los Angeles County,,,"San Pedro, Los Angeles",3220 S Walker Ave,33.717896,-118.303401,,2,,,,"near W 34th St, close to M9",,,
JS-20120509-1014-M11,,M447,Carpodacus mexicanus,,,,,"Song, Jackie",,,,,9,May,2012,,,United States of America,California,Los Angeles County,,,"San Pedro, Los Angeles",3703 S Walker Ave,33.714189,-118.305883,,9,,,,on W 37th St,,,
JS-20120509-1014-M12,,M448,Carpodacus mexicanus,,,,,"Song, Jackie",,,,,9,May,2012,,,United States of America,California,Los Angeles County,,,"San Pedro, Los Angeles",3707 Barbara St,33.713738,-118.305003,,13,,,,,,,
JS-20120509-1015-M12,JS-20120509-1014-M12,M448,Carpodacus mexicanus,,,,,"Song, Jackie",,,,,9,May,2012,,,United States of America,California,Los Angeles County,,,"San Pedro, Los Angeles",3707 Barbara St,33.713738,-118.305003,,16,,,,near W 37th St,,,
JS-20120509-1017-M12a,,M449,Carpodacus mexicanus,,,,,"Song, Jackie",,,,,9,May,2012,,,United States of America,California,Los Angeles County,,,"San Pedro, Los Angeles",3737 Almeria St,33.712621,-118.303343,,4,,,,near W Paseo Del Mar,"naming error - different than previous male, named M12a to differentiate",,
JS-20120509-1019-M15,,M450,Carpodacus mexicanus,,,,,"Song, Jackie",,,,,9,May,2012,,,United States of America,California,Los Angeles County,,,"San Pedro, Los Angeles",750 W Hamilton Ave,33.721401,-118.293485,,2,,,,"near S Cabrillo Ave, Replace M13/M14 with this one",No songs picked up for M13/M14 (1018),,
JS-20120509-1019-M16,,M451,Carpodacus mexicanus,,,,,"Song, Jackie",,,,,9,May,2012,,,United States of America,California,Los Angeles County,,,"San Pedro, Los Angeles",772 W 25th St,33.721798,-118.294032,,1,,,,near S Cabrillo Ave,,,
JS-20120509-1021-M17,,M452,Carpodacus mexicanus,,,,,"Song, Jackie",,,,,9,May,2012,,,United States of America,California,Los Angeles County,,,"San Pedro, Los Angeles",758 W 25th St,33.721713,-118.293795,,4,,,,near S Cabrillo Ave,,,
JS-20120509-1022-M18,,M453,Carpodacus mexicanus,,,,,"Song, Jackie",,,,,9,May,2012,,,United States of America,California,Los Angeles County,,,"San Pedro, Los Angeles",791 W 20th St,33.725826,-118.294412,,4,,,,near S Cabrillo Ave,,,
JS-20120509-1022-M19,,M454,Carpodacus mexicanus,,,,,"Song, Jackie",,,,,9,May,2012,,,United States of America,California,Los Angeles County,,,"San Pedro, Los Angeles",791 W 20th St,33.725826,-118.294412,,3,,,,,,,
JS-20120509-1023-M19,JS-20120509-1022-M19,M454,Carpodacus mexicanus,,,,,"Song, Jackie",,,,,9,May,2012,,,United States of America,California,Los Angeles County,,,"San Pedro, Los Angeles",791 W 20th St,33.725826,-118.294412,,8,,,,"near S Cabrillo Ave, choose between M18 & M19, pick M19",,,
JS-20120509-1024-M20,,M455,Carpodacus mexicanus,,,,,"Song, Jackie",,,,,9,May,2012,,,United States of America,California,Los Angeles County,,,"San Pedro, Los Angeles",808 W 14th St,33.73168,-118.294954,,2,,,,near Dana Middle School,Jackie cites the address as 808 S Cabrillo Ave and Parker St. Address has been corrected to 808 W 14th St,,
JS-20120509-1024-M21,,M456,Carpodacus mexicanus,,,,,"Song, Jackie",,,,,9,May,2012,,,United States of America,California,Los Angeles County,,,"San Pedro, Los Angeles",808 W 14th St,33.73168,-118.294954,,3,,,,pick between M21 & M20,,,
JS-20120509-1025-M22,,M457,Carpodacus mexicanus,,,,,"Song, Jackie",,,,,9,May,2012,,,United States of America,California,Los Angeles County,,,"San Pedro, Los Angeles",808 W 14th St,33.73168,-118.294954,,4,,,,"Alleyway between S Parker St & S Cabrillo Ave, 14th St & 13th St. Choose between M22, M21, M20; all in the same alleyway",,,
JS-20120509-1026-M23,,M458,Carpodacus mexicanus,,,,,"Song, Jackie",,,,,9,May,2012,,,United States of America,California,Los Angeles County,,,"San Pedro, Los Angeles",912 W 11th St,33.734449,-118.296991,,4,,,,"near S Meyler St, Casa Bonita",,,
JS-20120509-1027-M24,,M459,Carpodacus mexicanus,,,,,"Song, Jackie",,,,,9,May,2012,,,United States of America,California,Los Angeles County,,,"San Pedro, Los Angeles",558 W 2nd St,33.742642,-118.289132,,1,,,,near S Grand Ave,,,
JS-20120509-1027-M25,,M460,Carpodacus mexicanus,,,,,"Song, Jackie",,,,,9,May,2012,,,United States of America,California,Los Angeles County,,,"San Pedro, Los Angeles",563 W 2nd St,33.742134,-118.289266,,8,,,,"near S Grand Ave, pick between M25 & M24",,,
JS-20120509-1028-M26,,M461,Carpodacus mexicanus,,,,,"Song, Jackie",,,,,9,May,2012,,,United States of America,California,Los Angeles County,,,"San Pedro, Los Angeles",1111 W 10th St,33.735009,-118.301498,,2,,,,on S Leland St,,,
JS-20120509-1028-M27,,M462,Carpodacus mexicanus,,,,,"Song, Jackie",,,,,9,May,2012,,,United States of America,California,Los Angeles County,,,"San Pedro, Los Angeles",1111 W 10th St,33.735009,-118.301498,,7,,,,"near S Leland St, use M27 instead of M26",,,
JS-20120509-1029-M28,,M463,Carpodacus mexicanus,,,,,"Song, Jackie",,,,,9,May,2012,,,United States of America,California,Los Angeles County,,,"San Pedro, Los Angeles",1122 W 10th St,33.735444,-118.301851,,7,,,,"S Leland St, decide between M28 & M27",Pick M28 (cleaner recording),,
JS-20120509-1031-M1,,M464,Carpodacus mexicanus,,,,,"Song, Jackie",,,,,9,May,2012,,,United States of America,California,Los Angeles County,,,Long Beach,2137 Kallin Ave,33.794871,-118.097604,,6,,,,,,,
JS-20120509-1031-M2,,M465,Carpodacus mexicanus,,,,,"Song, Jackie",,,,,9,May,2012,,,United States of America,California,Los Angeles County,,,Long Beach,2137 Kallin Ave,33.794871,-118.097604,,8,,,,"near Stearns St, choose between M1 & M2",,,
JS-20120509-1032-M3,,M466,Carpodacus mexicanus,,,,,"Song, Jackie",,,,,9,May,2012,,,United States of America,California,Los Angeles County,,,Long Beach,2037 Kallin Ave,33.793297,-118.097612,,9,,,,,,,
JS-20120509-1033-M4,,M467,Carpodacus mexicanus,,,,,"Song, Jackie",,,,,9,May,2012,,,United States of America,California,Los Angeles County,,,Long Beach,7036 E El Paseo St,33.794589,-118.095339,,31,,,,by Volk Ave,,,
JS-20120509-1035-M5,,M468,Carpodacus mexicanus,,,,,"Song, Jackie",,,,,9,May,2012,,,United States of America,California,Los Angeles County,,,Long Beach,1844 Lee's Ave,33.789915,-118.09707,,7,,,,"by Roxanne Ave, only a few usable songs (~ 3)",,,
JS-20120509-1036-M6,,M469,Carpodacus mexicanus,,,,,"Song, Jackie",,,,,9,May,2012,,,United States of America,California,Los Angeles County,,,Long Beach,6937 E Fairbrook St,33.791684,-118.097704,,5,,,,,,,
JS-20120509-1036-M7,,M470,Carpodacus mexicanus,,,,,"Song, Jackie",,,,,9,May,2012,,,United States of America,California,Los Angeles County,,,Long Beach,6937 E Fairbrook St,33.791684,-118.097704,,5,,,,"near Lee's Ave, choose between M6 & M7",,,
JS-20120509-1037-M8,,M471,Carpodacus mexicanus,,,,,"Song, Jackie",,,,,9,May,2012,,,United States of America,California,Los Angeles County,,,Long Beach,2020 Roxanne Ave,33.792828,-118.096267,,1,,,,on E Aivlis St,,,
JS-20120509-1039-M9,,M472,Carpodacus mexicanus,,,,,"Song, Jackie",,,,,9,May,2012,,,United States of America,California,Los Angeles County,,,Long Beach,121 E Gordon St ,33.865216,-118.199351,,6,,,,off of Long Beach Blvd,,,
JS-20120509-1040-M10,,M473,Carpodacus mexicanus,,,,,"Song, Jackie",,,,,9,May,2012,,,United States of America,California,Los Angeles County,,,Long Beach,209 E Barclay St,33.867612,-118.198253,,4,,,,near White Ave,,,
JS-20120509-1041-M11,,M474,Carpodacus mexicanus,,,,,"Song, Jackie",,,,,9,May,2012,,,United States of America,California,Los Angeles County,,,Long Beach,134 E Barclay St,33.867123,-118.199677,,22,,,,off of Long Beach Blvd,,,
JS-20120509-1042-M11,JS-20120509-1041-M11,M474,Carpodacus mexicanus,,,,,"Song, Jackie",,,,,9,May,2012,,,United States of America,California,Los Angeles County,,,Long Beach,134 E Barclay St,33.867123,-118.199677,,21,,,,off of Long Beach Blvd,,,
JS-20120509-1043-M11,JS-20120509-1041-M11,M474,Carpodacus mexicanus,,,,,"Song, Jackie",,,,,9,May,2012,,,United States of America,California,Los Angeles County,,,Long Beach,134 E Barclay St,33.867123,-118.199677,,21,,,,off of Long Beach Blvd,,,
JS-20120509-1044-M11,JS-20120509-1041-M11,M474,Carpodacus mexicanus,,,,,"Song, Jackie",,,,,9,May,2012,,,United States of America,California,Los Angeles County,,,Long Beach,134 E Barclay St,33.867123,-118.199677,,24,,,,off of Long Beach Blvd,,,
JS-20120509-1046-M12,,M475,Carpodacus mexicanus,,,,,"Song, Jackie",,,,,9,May,2012,,,United States of America,California,Los Angeles County,,,Long Beach,6820 Beechley Ave,33.878083,-118.193815,,8,,,,"near E 68th Way, 5 good, clear songs",,,
JS-20120509-1046-M13,,M476,Carpodacus mexicanus,,,,,"Song, Jackie",,,,,9,May,2012,,,United States of America,California,Los Angeles County,,,Long Beach,6820 Beechley Ave,33.878083,-118.193815,,1,,,,might be the same as M12,,,
JS-20120509-1047-M13,JS-20120509-1046-M13,M476,Carpodacus mexicanus,,,,,"Song, Jackie",,,,,9,May,2012,,,United States of America,California,Los Angeles County,,,Long Beach,6820 Beechley Ave,33.878083,-118.193815,,18,,,,,,,
JS-20120509-1048-M13,JS-20120509-1046-M13,M476,Carpodacus mexicanus,,,,,"Song, Jackie",,,,,9,May,2012,,,United States of America,California,Los Angeles County,,,Long Beach,6820 Beechley Ave,33.878083,-118.193815,,1,,,,"might be the same as M12, use M13 instead of M12","Jackie discusses inconsistencies in Mundinger's records in 1049, explains her reasoning on where she recorded her samples",,
JS-20120510-1001-M1,,M477,Carpodacus mexicanus,,,,,"Song, Jackie",,,,,10,May,2012,,,United States of America,California,Los Angeles County,,,Cerritos,11203 Hibbing St,33.858094,-118.093983,,3,,,,near Wiersma Ave,,,
JS-20120510-1001-M2,,M478,Carpodacus mexicanus,,,,,"Song, Jackie",,,,,10,May,2012,,,United States of America,California,Los Angeles County,,,Cerritos,11203 Hibbing St,33.858094,-118.093983,,7,,,,,,,
JS-20120510-1002-M3,,M479,Carpodacus mexicanus,,,,,"Song, Jackie",,,,,10,May,2012,,,United States of America,California,Los Angeles County,,,Cerritos,19404 Amhurst Ct,33.854848,-118.089738,,7,,,,"near Bos St, Mary Brag Elementary School",,,
JS-20120510-1003-M4,,M480,Carpodacus mexicanus,,,,,"Song, Jackie",,,,,10,May,2012,,,United States of America,California,Los Angeles County,,,Cerritos,19330 Chamblee Ave,33.854881,-118.082423,,1,,,,,,,
JS-20120510-1005-M5,,M481,Carpodacus mexicanus,,,,,"Song, Jackie",,,,,10,May,2012,,,United States of America,California,Los Angeles County,,,Cerritos,11515 Bertha St,33.850663,-118.088461,,4,,,,near Gridley Park,,,
JS-20120510-1005-M6,,M482,Carpodacus mexicanus,,,,,"Song, Jackie",,,,,10,May,2012,,,United States of America,California,Los Angeles County,,,Cerritos,11515 Bertha St,33.850663,-118.088461,,4,,,,could be same as M5,,,
JS-20120510-1006-M6,JS-20120510-1005-M6,M482,Carpodacus mexicanus,,,,,"Song, Jackie",,,,,10,May,2012,,,United States of America,California,Los Angeles County,,,Cerritos,11515 Bertha St,33.850663,-118.088461,,1,,,,,,,
JS-20120510-1006-M7,,M483,Carpodacus mexicanus,,,,,"Song, Jackie",,,,,10,May,2012,,,United States of America,California,Los Angeles County,,,Cerritos,11515 Bertha St,33.850663,-118.088461,,8,,,,near Sheryl Ave,,,
JS-20120510-1006-M8,,M484,Carpodacus mexicanus,,,,,"Song, Jackie",,,,,10,May,2012,,,United States of America,California,Los Angeles County,,,Cerritos,19714 Sheryl Ave,33.850986,-118.087982,,2,,,,,,,
JS-20120510-1007-M8,JS-20120510-1006-M8,M484,Carpodacus mexicanus,,,,,"Song, Jackie",,,,,10,May,2012,,,United States of America,California,Los Angeles County,,,Cerritos,19714 Sheryl Ave,33.850986,-118.087982,,26,,,,,,,
JS-20120510-1008-M8,JS-20120510-1006-M8,M484,Carpodacus mexicanus,,,,,"Song, Jackie",,,,,10,May,2012,,,United States of America,California,Los Angeles County,,,Cerritos,19714 Sheryl Ave,33.850986,-118.087982,,26,,,,,,,
JS-20120510-1009-M8,JS-20120510-1006-M8,M484,Carpodacus mexicanus,,,,,"Song, Jackie",,,,,10,May,2012,,,United States of America,California,Los Angeles County,,,Cerritos,19714 Sheryl Ave,33.850986,-118.087982,,4,,,,"near Bertha St, M5, M6, M7 all recorded in same spot, M8 was the best recording",,,
JS-20120510-1013-M9,,M485,Carpodacus mexicanus,,,,,"Song, Jackie",,,,,10,May,2012,,,United States of America,California,Los Angeles County,,,Cerritos,11318 Agnus St,33.855465,-118.09261,,14,,,,near Carpus Ave,couldn't find Carpus Ave?,,
JS-20120510-1014-M10,,M486,Carpodacus mexicanus,,,,,"Song, Jackie",,,,,10,May,2012,,,United States of America,California,Los Angeles County,,,Cerritos,19417 Alburtis Ave,33.854202,-118.084795,,1,,,,near Bingham St,,,
JS-20120510-1014-M11,,M487,Carpodacus mexicanus,,,,,"Song, Jackie",,,,,10,May,2012,,,United States of America,California,Los Angeles County,,,Cerritos,11644 Bingham St,33.853555,-118.084896,,13,,,,"near & Albertas Ave, use M11",,,
JS-20120510-1016-M12,,M488,Carpodacus mexicanus,,,,,"Song, Jackie",,,,,10,May,2012,,,United States of America,California,Los Angeles County,,,Cerritos,11724 Lexington Circle,33.854305,-118.083414,,15,,,,off Revere Ave,,,
JS-20120510-1020-M13,,M489,Carpodacus mexicanus,,,,,"Song, Jackie",,,,,10,May,2012,,,United States of America,California,Los Angeles County,,,Cerritos,12020 Wendy St,33.850981,-118.075779,,6,,,,"off Jacob Ave, near Jacob Park",,,
JS-20120510-1021-M14,,M490,Carpodacus mexicanus,,,,,"Song, Jackie",,,,,10,May,2012,,,United States of America,California,Los Angeles County,,,Cerritos,12348 Viarna St,33.850359,-118.068382,,16,,,,off Creekwood Ave,,,
JS-20120510-1022-M15,,M491,Carpodacus mexicanus,,,,,"Song, Jackie",,,,,10,May,2012,,,United States of America,California,Los Angeles County,,,Cerritos,12567 Valincia St,33.851682,-118.064106,,3,,,,"off BloomField Ave, near Cerritos Regional County Park",,,
JS-20120510-1024-M16,,M492,Carpodacus mexicanus,,,,,"Song, Jackie",,,,,10,May,2012,,,United States of America,California,Los Angeles County,,,Cerritos,12557 Valincia St,33.851679,-118.064464,,21,,,,use M16 over M15,,,
JS-20120510-1025-M16,JS-20120510-1024-M16,M492,Carpodacus mexicanus,,,,,"Song, Jackie",,,,,10,May,2012,,,United States of America,California,Los Angeles County,,,Cerritos,12557 Valincia St,33.851679,-118.064464,,3,,,,a lot of these were incomplete songs,,,
JS-20120510-1028-M1,,M493,Carpodacus mexicanus,,,,,"Song, Jackie",,,,,10,May,2012,,,United States of America,California,Orange County,,,Anaheim,9241 Houston Ave,33.854396,-117.971768,,1,,,,"near Myra Ave; Buena Park, Mundinger's names for nearby sites are actually called Buena Park? (1026) San Gabriel River divides Buena Park and Cerritos? Not sure (1027)","cannot find Myra Ave? Google maps defines the area as part of Anaheim, not Buena park",,
JS-20120510-1029-M2,,M494,Carpodacus mexicanus,,,,,"Song, Jackie",,,,,10,May,2012,,,United States of America,California,Orange County,,,Anaheim,1345 N Braeburn St,33.853842,-117.971089,,18,,,,"off of Houston Ave, sang really low, choppy and strange, maybe a weak singer, recorded close to M1",,,
JS-20120510-1031-M3,,M495,Carpodacus mexicanus,,,,,"Song, Jackie",,,,,10,May,2012,,,United States of America,California,Orange County,,,Anaheim,2230 Gracin Ave,33.849484,-117.960791,,4,,,,near N Groton St,,,
JS-20120510-1033-M4,,M496,Carpodacus mexicanus,,,,,"Song, Jackie",,,,,10,May,2012,,,United States of America,California,Orange County,,,Anaheim,2230 Gracin Ave,33.849484,-117.960791,,7,,,,,,,
JS-20120510-1035-M5,,M497,Carpodacus mexicanus,,,,,"Song, Jackie",,,,,10,May,2012,,,United States of America,California,Orange County,,,Anaheim,1325 N Alamo St,33.852528,-117.964772,,5,,,,near W Arlington Ave,,,
JS-20120510-1037-M7,,M498,Carpodacus mexicanus,,,,,"Song, Jackie",,,,,10,May,2012,,,United States of America,California,Orange County,,,Fullerton,2308 W Roberta Ave,33.856111,-117.96853,,18,,,,,,,
JS-20120510-1038-M7,JS-20120510-1037-M7,M498,Carpodacus mexicanus,,,,,"Song, Jackie",,,,,10,May,2012,,,United States of America,California,Orange County,,,Fullerton,2308 W Roberta Ave,33.856111,-117.96853,,9,,,,"off of Gilbert St, Use M7 instead of M6",Google Maps defines this area as Fullerton; No data for M6 even though address is cited… I think Jackie forgot to turn on the mic while recording (1036),,
JS-20120510-1040-M8,,M499,Carpodacus mexicanus,,,,,"Song, Jackie",,,,,10,May,2012,,,United States of America,California,Orange County,,,Fullerton,1406 S Cedar Ave,33.858093,-117.961945,,6,,,,by W Woodcrest Ave,,,
JS-20120510-1041-M9,,M500,Carpodacus mexicanus,,,,,"Song, Jackie",,,,,10,May,2012,,,United States of America,California,Orange County,,,Fullerton,1406 S Cedar Ave,33.858093,-117.961945,,17,,,,by W Woodcrest Ave,,,
JS-20120510-1044-M10,,M501,Carpodacus mexicanus,,,,,"Song, Jackie",,,,,10,May,2012,,,United States of America,California,Orange County,,,Fullerton,901 S Pine Dr,33.861797,-117.96732,,2,,,,near W Olive Ave,,,
JS-20120510-1045-M11,,M502,Carpodacus mexicanus,,,,,"Song, Jackie",,,,,10,May,2012,,,United States of America,California,Orange County,,,Fullerton,2013 W Flower Ave,33.863149,-117.964306,,2,,,,near Courtney Ave,,,
JS-20120510-1046-M12,,M503,Carpodacus mexicanus,,,,,"Song, Jackie",,,,,10,May,2012,,,United States of America,California,Orange County,,,Fullerton,2137 W Olive Ave,33.862474,-117.966661,,9,,,,near S Pine Dr,,,
JS-20120510-1047-M12,JS-20120510-1046-M12,M503,Carpodacus mexicanus,,,,,"Song, Jackie",,,,,10,May,2012,,,United States of America,California,Orange County,,,Fullerton,2137 W Olive Ave,33.862474,-117.966661,,9,,,,near S Pine Dr,,,
JS-20120511-1002-M1,,M504,Carpodacus mexicanus,,,,,"Song, Jackie",,,,,11,May,2012,,,United States of America,California,Ventura County,,,Oxnard,pinned on map,34.234025,-119.180288,,9,,,,"Wagon Wheel Rd, really fast singer! Hard to keep track","address retrieved from Jackie's notebook, not complete sure if parsed correctly",,
JS-20120511-1003-M2,,M505,Carpodacus mexicanus,,,,,"Song, Jackie",,,,,11,May,2012,,,United States of America,California,Ventura County,,,Oxnard,pinned on map,34.234025,-119.180288,,6,,,,40 - 50m away from M1,"unable to retrieve pin for M2, used same latitude/longitude as M1",,
JS-20120511-1005-M3,,M506,Carpodacus mexicanus,,,,,"Song, Jackie",,,,,11,May,2012,,,United States of America,California,Ventura County,,,Oxnard,300 Saddle Ave,34.237147,-119.181934,,3,,,,"300 Saddle Ave & Winchester Dr, not pinned on map, but noted in book",Winchester Dr is not found on Google Maps,,
JS-20120511-1006-M4,,M507,Carpodacus mexicanus,,,,,"Song, Jackie",,,,,11,May,2012,,,United States of America,California,Ventura County,,,Oxnard,306 Cactus Dr,34.237657,-119.182114,,8,,,,choose between M3 & M4,,,
JS-20120511-1008-M5,,M508,Carpodacus mexicanus,,,,,"Song, Jackie",,,,,11,May,2012,,,United States of America,California,Ventura County,,,Oxnard,311 Cactus Dr,34.237853,-119.182454,,15,,,,"near Saddle Ave, close to another male, don't remember which one",,,
JS-20120511-1012-M6,,M509,Carpodacus mexicanus,,,,,"Song, Jackie",,,,,11,May,2012,,,United States of America,California,Ventura County,,,Oxnard,pinned on map,,,,1,,,,,"pin lost, no address",,
JS-20120511-1014-M7,,M510,Carpodacus mexicanus,,,,,"Song, Jackie",,,,,11,May,2012,,,United States of America,California,Ventura County,,,Oxnard,2730 Buckaroo Av,34.237648,-119.18422,,14,,,,"near Wagonwheel Rd, parking lot",address is ambigious and can't be pinpointed on Google,,
JS-20120511-1017-M8,,M511,Carpodacus mexicanus,,,,,"Song, Jackie",,,,,11,May,2012,,,United States of America,California,Ventura County,,,Oxnard,2575 Elderberry Dr,34.234909,-119.183912,,4,,,,near Apple Ln,,,
JS-20120511-1019-M9,,M512,Carpodacus mexicanus,,,,,"Song, Jackie",,,,,11,May,2012,,,United States of America,California,Ventura County,,,Oxnard,2575 Elderberry Dr,34.234909,-119.183912,,4,,,,"could be the same as M8, choose between M8 & M9",,,
JS-20120511-1020-M10,,M513,Carpodacus mexicanus,,,,,"Song, Jackie",,,,,11,May,2012,,,United States of America,California,Ventura County,,,Oxnard,2524 Elderberry Dr,34.234162,-119.183912,,9,,,,close to M8 & M9,,,
JS-20120511-1020-M11,,M514,Carpodacus mexicanus,,,,,"Song, Jackie",,,,,11,May,2012,,,United States of America,California,Ventura County,,,Oxnard,2575 Elderberry Dr,34.234909,-119.183912,,5,,,,Same area as M8 - M11,,,
JS-20120511-1021-M12,,M515,Carpodacus mexicanus,,,,,"Song, Jackie",,,,,11,May,2012,,,United States of America,California,Ventura County,,,Oxnard,2575 Elderberry Dr,34.234909,-119.183912,,26,,,,replace M8-M11 with M12,,,
JS-20120511-1023-M13,,M516,Carpodacus mexicanus,,,,,"Song, Jackie",,,,,11,May,2012,,,United States of America,California,Ventura County,,,Oxnard,Santa Clara Cemetary,34.230545,-119.182052,,8,,,,close to the mobile home residential area,,,
JS-20120511-1026-M14,,M517,Carpodacus mexicanus,,,,,"Song, Jackie",,,,,11,May,2012,,,United States of America,California,Ventura County,,,Oxnard,Santa Clara Cemetary,34.230545,-119.182052,,16,,,,replace M13 with M14,,,
JS-20120511-1027-M15,,M518,Carpodacus mexicanus,,,,,"Song, Jackie",,,,,11,May,2012,,,United States of America,California,Ventura County,,,Oxnard,2511 Grapevine Dr,34.236013,-119.184987,,3,,,,near Violet Way,,,
JS-20120511-1028-M16,,M519,Carpodacus mexicanus,,,,,"Song, Jackie",,,,,11,May,2012,,,United States of America,California,Ventura County,,,Oxnard,2510 Grapevine Dr,34.235887,-119.184439,,11,,,,"replace M16 instead of M15; also M16 looks close to M12 on the map, double check distance (1030)",,,
JS-20120511-1029-M17,,M520,Carpodacus mexicanus,,,,,"Song, Jackie",,,,,11,May,2012,,,United States of America,California,Ventura County,,,Oxnard,2406 Grapevine Dr,34.23335,-119.184437,,1,,,,near Rosebud Dr,,,
JS-20120511-1031-M18,,M521,Carpodacus mexicanus,,,,,"Song, Jackie",,,,,11,May,2012,,,United States of America,California,Ventura County,,,Oxnard,2402 Grapevine Dr,34.232994,-119.18444,,8,,,,use M18 instead of M17,,,
JS-20120511-1032-M19,,M522,Carpodacus mexicanus,,,,,"Song, Jackie",,,,,11,May,2012,,,United States of America,California,Ventura County,,,Oxnard,2451 Ivory Way,34.230943,-119.186998,,25,,,,near Partridge Dr,,,
JS-20120511-1034-M20,,M523,Carpodacus mexicanus,,,,,"Song, Jackie",,,,,11,May,2012,,,United States of America,California,Ventura County,,,Oxnard,2429 Kentia St,34.231679,-119.189369,,17,,,,"by Orion Way, lots of activity in this neighborhood",,,
JS-20120511-1036-M1,,M524,Carpodacus mexicanus,,,,,"Song, Jackie",,,,,11,May,2012,,,United States of America,California,Ventura County,,,Santa Paula,1346 Richmond Rd,34.365655,-119.056227,,4,,,,"poor singer, mostly incomplete songs",only complete songs were parsed,,
JS-20120511-1036-M2,,M525,Carpodacus mexicanus,,,,,"Song, Jackie",,,,,11,May,2012,,,United States of America,California,Ventura County,,,Santa Paula,1346 Richmond Rd,34.365655,-119.056227,,16,,,,"near W 14th St, use M2 instead of M1",,,
JS-20120511-1040-M3,,M526,Carpodacus mexicanus,,,,,"Song, Jackie",,,,,11,May,2012,,,United States of America,California,Ventura County,,,Santa Paula,"Oaks Mobilestates, 1500 Richmond Rd # 20",34.366277,-119.054112,,8,,,,"about 3 full songs, weak singer",only complete songs were parsed; Jackie discusses Mundinger's files (1038),,
JS-20120511-1041-M4,,M527,Carpodacus mexicanus,,,,,"Song, Jackie",,,,,11,May,2012,,,United States of America,California,Ventura County,,,Santa Paula,pinned on map,34.366277,-119.054112,,6,,,,still at the mobile estates,,,
JS-20120511-1041-M5,,M528,Carpodacus mexicanus,,,,,"Song, Jackie",,,,,11,May,2012,,,United States of America,California,Ventura County,,,Santa Paula,pinned on map,34.366277,-119.054112,,2,,,,M3-M5 all closeby each other,,,
JS-20120511-1042-M6,,M529,Carpodacus mexicanus,,,,,"Song, Jackie",,,,,11,May,2012,,,United States of America,California,Ventura County,,,Santa Paula,pinned on map,34.366277,-119.054112,,3,,,,,,,
JS-20120511-1043-M7,,M530,Carpodacus mexicanus,,,,,"Song, Jackie",,,,,11,May,2012,,,United States of America,California,Ventura County,,,Santa Paula,pinned on map,34.366277,-119.054112,,6,,,,"M3-M7 recorded in same area, pick one",same latitude/longitude used for M3 - M7,,
JS-20120511-1044-M8,,M531,Carpodacus mexicanus,,,,,"Song, Jackie",,,,,11,May,2012,,,United States of America,California,Ventura County,,,Santa Paula,426 N 14th St,34.362185,-119.054788,,7,,,,"near Prieto St, clear recording",,,
JS-20120511-1045-M9,,M532,Carpodacus mexicanus,,,,,"Song, Jackie",,,,,11,May,2012,,,United States of America,California,Ventura County,,,Santa Paula,426 N 14th St,34.362185,-119.054788,,11,,,,might be the same as M8,,,
JS-20120511-1045-M10,,M533,Carpodacus mexicanus,,,,,"Song, Jackie",,,,,11,May,2012,,,United States of America,California,Ventura County,,,Santa Paula,1460 E Santa Paula St,34.360287,-119.05181,,15,,,,"near Guiberson, Baker Corp Building",,,
JS-20120511-1052-M11,,M534,Carpodacus mexicanus,,,,,"Song, Jackie",,,,,11,May,2012,,,United States of America,California,Ventura County,,,Santa Paula,982 Vista Pointe Pl,34.364914,-119.065669,,8,,,,"near N 10th St, across the street from Santa Paula Medical Center; quality was subpar",,,
JS-20120511-1055-M12,,M535,Carpodacus mexicanus,,,,,"Song, Jackie",,,,,11,May,2012,,,United States of America,California,Ventura County,,,Santa Paula,865 Coronado Cir,34.367099,-119.065884,,2,,,,,,,
JS-20120511-1055-M13,,M536,Carpodacus mexicanus,,,,,"Song, Jackie",,,,,11,May,2012,,,United States of America,California,Ventura County,,,Santa Paula,869 Coronado Cir,34.367402,-119.065903,,7,,,,use the beginning part of the recording before it got confusing towards the end?,,,
JS-20120511-1056-M14,,M537,Carpodacus mexicanus,,,,,"Song, Jackie",,,,,11,May,2012,,,United States of America,California,Ventura County,,,Santa Paula,870 Coronado Cir,34.367353,-119.066314,,1,,,,near N 10th St,,,
JS-20120511-1057-M15,,M538,Carpodacus mexicanus,,,,,"Song, Jackie",,,,,11,May,2012,,,United States of America,California,Ventura County,,,Santa Paula,869 Coronado Cir,34.367402,-119.065903,,8,,,,"pick M15, scrap M12-M14",,,
JS-20120511-1060-M16,,M539,Carpodacus mexicanus,,,,,"Song, Jackie",,,,,11,May,2012,,,United States of America,California,Ventura County,,,Santa Paula,984 Vista Pointe Pl,34.364841,-119.065327,,13,,,,pinned on map,address retrieved from Jackie's notebook,,
JS-20120511-1060-M17,,M540,Carpodacus mexicanus,,,,,"Song, Jackie",,,,,11,May,2012,,,United States of America,California,Ventura County,,,Santa Paula,pinned on map,34.365097,-119.064708,,7,,,,,,,
JS-20120511-1061-M17,JS-20120511-1060-M17,M540,Carpodacus mexicanus,,,,,"Song, Jackie",,,,,11,May,2012,,,United States of America,California,Ventura County,,,Santa Paula,pinned on map,34.365097,-119.064708,,5,,,,"M16 and M17 might be same male, recorded in same spot",,,
JS-20120511-1064-M1,,M541,Carpodacus mexicanus,,,,,"Song, Jackie",,,,,11,May,2012,,,United States of America,California,Ventura County,,,Ventura,"El Camino High School at Ventura College, 61 Day Rd",34.278088,-119.227958,,4,,,,E Campus Way & Day Rd; pinned on map,,,
JS-20120511-1065-M2,,M542,Carpodacus mexicanus,,,,,"Song, Jackie",,,,,11,May,2012,,,United States of America,California,Ventura County,,,Ventura,"El Camino High School at Ventura College, 61 Day Rd",34.278088,-119.227958,,15,,,,use M2 instead of M1,,,
JS-20120511-1067-M3,,M543,Carpodacus mexicanus,,,,,"Song, Jackie",,,,,11,May,2012,,,United States of America,California,Ventura County,,,Ventura,4220 Dean Dr,34.268978,-119.237075,,3,,,,"by Brentwood Ave, recorded outside of Ventura College Campus",,,
JS-20120511-1070-M4,,M544,Carpodacus mexicanus,,,,,"Song, Jackie",,,,,11,May,2012,,,United States of America,California,Ventura County,,,Ventura,4240 Dean Dr,34.269156,-119.236915,,13,,,,"by Brentwood Ave, replace M3 with M4",,,
JS-20120511-1071-M5,,M545,Carpodacus mexicanus,,,,,"Song, Jackie",,,,,11,May,2012,,,United States of America,California,Ventura County,,,Ventura,"Camino Real Park Tennis Courts, Fairfield Cir",34.270275,-119.234737,,27,,,,pinned on map,address retrieved from Jackie's notebook,,
JS-20120511-1072-M5,JS-20120511-1071-M5,M545,Carpodacus mexicanus,,,,,"Song, Jackie",,,,,11,May,2012,,,United States of America,California,Ventura County,,,Ventura,"Camino Real Park Tennis Courts, Fairfield Cir",34.270275,-119.234737,,6,,,,pinned on map,address retrieved from Jackie's notebook,,
JS-20120511-1075-M6,,M546,Carpodacus mexicanus,,,,,"Song, Jackie",,,,,11,May,2012,,,United States of America,California,Ventura County,,,Ventura,4399 Dean Dr,34.271252,-119.234945,,14,,,,,,,
JS-20120511-1076-M6,JS-20120511-1075-M6,M546,Carpodacus mexicanus,,,,,"Song, Jackie",,,,,11,May,2012,,,United States of America,California,Ventura County,,,Ventura,4399 Dean Dr,34.271252,-119.234945,,3,,,,"near Whittier Ct, quality questionable",,,
JS-20120511-1077-M7,,M547,Carpodacus mexicanus,,,,,"Song, Jackie",,,,,11,May,2012,,,United States of America,California,Ventura County,,,Ventura,4370 Whittier Ct,34.270795,-119.234211,,5,,,,"near Dean St, close to M6, use M7",,,
JS-20120511-1078-M8,,M548,Carpodacus mexicanus,,,,,"Song, Jackie",,,,,11,May,2012,,,United States of America,California,Ventura County,,,Ventura,4390 Whittier Ct,34.271065,-119.234225,,14,,,,,,,
JS-20120511-1079-M8,JS-20120511-1078-M8,M548,Carpodacus mexicanus,,,,,"Song, Jackie",,,,,11,May,2012,,,United States of America,California,Ventura County,,,Ventura,4390 Whittier Ct,34.271065,-119.234225,,1,,,,check quality,,,
JS-20120511-1080-M8,JS-20120511-1078-M8,M548,Carpodacus mexicanus,,,,,"Song, Jackie",,,,,11,May,2012,,,United States of America,California,Ventura County,,,Ventura,4390 Whittier Ct,34.271065,-119.234225,,6,,,,"near Dean St, echoed often",,,
JS-20120511-1082-M9,,M549,Carpodacus mexicanus,,,,,"Song, Jackie",,,,,11,May,2012,,,United States of America,California,Ventura County,,,Ventura,124 Franklin Lane,34.302154,-119.292584,,24,,,,near Cameron St,,,
JS-20120511-1085-M10,,M550,Carpodacus mexicanus,,,,,"Song, Jackie",,,,,11,May,2012,,,United States of America,California,Ventura County,,,Ventura,2528 Cedar St,34.304968,-119.287158,,4,,,,near Seneca St,,,
JS-20120511-1086-M11,,M551,Carpodacus mexicanus,,,,,"Song, Jackie",,,,,11,May,2012,,,United States of America,California,Ventura County,,,Ventura,2546 Hupa St,34.305895,-119.287174,,3,,,,near Cedar St,,,
JS-20120511-1087-M12,,M552,Carpodacus mexicanus,,,,,"Song, Jackie",,,,,11,May,2012,,,United States of America,California,Ventura County,,,Ventura,Seneca St & Nocumi St,34.305977,-119.283341,,2,,,,,,,
JS-20120511-1088-M13,,M553,Carpodacus mexicanus,,,,,"Song, Jackie",,,,,11,May,2012,,,United States of America,California,Ventura County,,,Ventura,pinned on map,34.305368,-119.283757,,24,,,,"close to M12, use M13 instead",,,
JS-20120511-1089-M14,,M554,Carpodacus mexicanus,,,,,"Song, Jackie",,,,,11,May,2012,,,United States of America,California,Ventura County,,,Ventura,2512 Toltec Ct,34.305423,-119.290208,,1,,,,near Seneca St,,,
JS-20120511-1090-M15,,M555,Carpodacus mexicanus,,,,,"Song, Jackie",,,,,11,May,2012,,,United States of America,California,Ventura County,,,Ventura,208 Seneca St,34.30516,-119.290826,,4,,,,"near Toltec Ct, choose between M15 & M14",,,
JS-20120511-1092-M16,,M556,Carpodacus mexicanus,,,,,"Song, Jackie",,,,,11,May,2012,,,United States of America,California,Ventura County,,,Ventura,N Ventura Ave & E Stanley Ave,34.299957,-119.295193,,2,,,,faint songs,,,
JS-20120512-1001-M1,,M557,Carpodacus mexicanus,,,,,"Song, Jackie",,,,,12,May,2012,,,United States of America,California,Ventura County,,,Fillmore,531 Saratoga St,34.403759,-118.912274,,16,,,,near Bard St,,,
JS-20120512-1002-M1,JS-20120512-1001-M1,M557,Carpodacus mexicanus,,,,,"Song, Jackie",,,,,12,May,2012,,,United States of America,California,Ventura County,,,Fillmore,531 Saratoga St,34.403759,-118.912274,,23,,,,near Bard St,,,
JS-20120512-1003-M1,JS-20120512-1001-M1,M557,Carpodacus mexicanus,,,,,"Song, Jackie",,,,,12,May,2012,,,United States of America,California,Ventura County,,,Fillmore,531 Saratoga St,34.403759,-118.912274,,18,,,,"loud and lots of echoes, strong and fast singer",,,
JS-20120512-1006-M2,,M558,Carpodacus mexicanus,,,,,"Song, Jackie",,,,,12,May,2012,,,United States of America,California,Ventura County,,,Fillmore,366 Foothill Dr,34.410772,-118.912778,,6,,,,,,,
JS-20120512-1008-M3,,M559,Carpodacus mexicanus,,,,,"Song, Jackie",,,,,12,May,2012,,,United States of America,California,Ventura County,,,Fillmore,288 Foothill Dr,34.412494,-118.914601,,10,,,,in between 288 and 1005 Foothill Dr on Teitsort Dr,,,
JS-20120512-1010-M3a,,M560,Carpodacus mexicanus,,,,,"Song, Jackie",,,,,12,May,2012,,,United States of America,California,Ventura County,,,Fillmore,pinned on map,34.40444,-118.93053,,7,,,,pinned on map as Filmore M3,"different than last male, jackie lost count",,
JS-20120512-1012-M4,,M561,Carpodacus mexicanus,,,,,"Song, Jackie",,,,,12,May,2012,,,United States of America,California,Ventura County,,,Fillmore,834 Fine St,34.408896,-118.918999,,11,,,,near 4th St,,,
JS-20120512-1013-M5,,M562,Carpodacus mexicanus,,,,,"Song, Jackie",,,,,12,May,2012,,,United States of America,California,Ventura County,,,Fillmore,162 Main St,34.399957,-118.906176,,30,,,,,,,
JS-20120512-1014-M5,JS-20120512-1013-M5,M562,Carpodacus mexicanus,,,,,"Song, Jackie",,,,,12,May,2012,,,United States of America,California,Ventura County,,,Fillmore,162 Main St,34.399957,-118.906176,,7,,,,near Market St by Main Street Park,,,
JS-20120512-1016-M6,,M563,Carpodacus mexicanus,,,,,"Song, Jackie",,,,,12,May,2012,,,United States of America,California,Ventura County,,,Fillmore,pinned on the map,34.400656,-118.905366,,7,,,,,,,
JS-20120512-1016-M7,,M564,Carpodacus mexicanus,,,,,"Song, Jackie",,,,,12,May,2012,,,United States of America,California,Ventura County,,,Fillmore,133 Main St,34.400656,-118.905366,,35,,,,"could be the same as M6, recorded far away from M5; according to Gmap it says recorded at Mckinsey, but can't see any signs confirming that",same pin for M6 and M7,,
JS-20120512-1020-M8,,M565,Carpodacus mexicanus,,,,,"Song, Jackie",,,,,12,May,2012,,,United States of America,California,Ventura County,,,Fillmore,400 Sespe Ave,34.400726,-118.911521,,2,,,,"near Saratoga St, pinned on map",,,
JS-20120512-1021-M9,,M566,Carpodacus mexicanus,,,,,"Song, Jackie",,,,,12,May,2012,,,United States of America,California,Ventura County,,,Fillmore,400 Sespe Ave,34.400726,-118.911521,,6,,,,,,,
JS-20120512-1023-M10,,M567,Carpodacus mexicanus,,,,,"Song, Jackie",,,,,12,May,2012,,,United States of America,California,Ventura County,,,Fillmore,730 Island View St,34.408245,-118.907908,,9,,,,near Blaine Ave,,,
JS-20120512-1026-M11,,M568,Carpodacus mexicanus,,,,,"Song, Jackie",,,,,12,May,2012,,,United States of America,California,Ventura County,,,Fillmore,997 Arrasmith Ln,34.406079,-118.927776,,11,,,,near Goodenough Rd,,,
JS-20120512-1027-M12,,M569,Carpodacus mexicanus,,,,,"Song, Jackie",,,,,12,May,2012,,,United States of America,California,Ventura County,,,Fillmore,836 A St,34.408614,-118.919934,,1,,,,near Edison Ln,,,
JS-20120512-1028-M13,,M570,Carpodacus mexicanus,,,,,"Song, Jackie",,,,,12,May,2012,,,United States of America,California,Ventura County,,,Fillmore,836 A St,34.408614,-118.919934,,3,,,,,,,
JS-20120512-1029-M14,,M571,Carpodacus mexicanus,,,,,"Song, Jackie",,,,,12,May,2012,,,United States of America,California,Ventura County,,,Fillmore,964 1st St,34.400793,-118.925794,,15,,,,"near King St, good sample",,,
JS-20120512-1030-M15,,M572,Carpodacus mexicanus,,,,,"Song, Jackie",,,,,12,May,2012,,,United States of America,California,Ventura County,,,Fillmore,411 Mockingbird Ln,34.398931,-118.929865,,28,,,,near 1st St,,,
JS-20120512-1031-M15,JS-20120512-1030-M15,M572,Carpodacus mexicanus,,,,,"Song, Jackie",,,,,12,May,2012,,,United States of America,California,Ventura County,,,Fillmore,411 Mockingbird Ln,34.398931,-118.929865,,3,,,,near 1st St,,,
JS-20120512-1033-M1,,M573,Carpodacus mexicanus,,,,,"Song, Jackie",,,,,12,May,2012,,,United States of America,California,Ventura County,,,Thousand Oaks,551 Houston Dr,34.185958,-118.863178,,31,,,,near Benson Way,,,
JS-20120512-1040-M2,,M574,Carpodacus mexicanus,,,,,"Song, Jackie",,,,,12,May,2012,,,United States of America,California,Ventura County,,,Thousand Oaks,664 Briarcliff Rd,34.196528,-118.86579,,13,,,,"could be the same as M1, use instead of M1",address retrieved from Jackie's notebook,,
JS-20120512-1042-M3,,M575,Carpodacus mexicanus,,,,,"Song, Jackie",,,,,12,May,2012,,,United States of America,California,Ventura County,,,Thousand Oaks,688 Briarcliff Rd,34.196503,-118.865175,,29,,,,,,,
JS-20120512-1043-M3,JS-20120512-1042-M3,M575,Carpodacus mexicanus,,,,,"Song, Jackie",,,,,12,May,2012,,,United States of America,California,Ventura County,,,Thousand Oaks,688 Briarcliff Rd,34.196503,-118.865175,,18,,,,,,,
JS-20120512-1044-M3,JS-20120512-1042-M3,M575,Carpodacus mexicanus,,,,,"Song, Jackie",,,,,12,May,2012,,,United States of America,California,Ventura County,,,Thousand Oaks,688 Briarcliff Rd,34.196503,-118.865175,,17,,,,"near Montgomery Rd, orginal location of mundinger's recording; use M3 instead of M2",,,
JS-20120512-1046-M4,,M576,Carpodacus mexicanus,,,,,"Song, Jackie",,,,,12,May,2012,,,United States of America,California,Ventura County,,,Thousand Oaks,pinned on the map,34.195775,-118.86467,,6,,,,,,,
JS-20120512-1047-M4,JS-20120512-1046-M4,M576,Carpodacus mexicanus,,,,,"Song, Jackie",,,,,12,May,2012,,,United States of America,California,Ventura County,,,Thousand Oaks,pinned on the map,34.195775,-118.86467,,31,,,,,,,
JS-20120512-1048-M4,JS-20120512-1046-M4,M576,Carpodacus mexicanus,,,,,"Song, Jackie",,,,,12,May,2012,,,United States of America,California,Ventura County,,,Thousand Oaks,pinned on the map,34.195775,-118.86467,,16,,,,,,,
JS-20120512-1049-M5,,M577,Carpodacus mexicanus,,,,,"Song, Jackie",,,,,12,May,2012,,,United States of America,California,Ventura County,,,Thousand Oaks,686 Paige Ln,34.186302,-118.865595,,14,,,,near Switzar Lane (?),probably referring to Wilber Lane,,
JS-20120512-1051-M6,,M578,Carpodacus mexicanus,,,,,"Song, Jackie",,,,,12,May,2012,,,United States of America,California,Ventura County,,,Thousand Oaks,Village Square Shopping Center,34.186265,-118.874311,,11,,,,near N Moorpark Rd & E Wilbur Rd,,,
JS-20120512-1053-M7,,M579,Carpodacus mexicanus,,,,,"Song, Jackie",,,,,12,May,2012,,,United States of America,California,Ventura County,,,Thousand Oaks,146 W Gainsborough Rd,34.19613,-118.879579,,5,,,,off Hendrix Ave,,,
JS-20120512-1057-M8,,M580,Carpodacus mexicanus,,,,,"Song, Jackie",,,,,12,May,2012,,,United States of America,California,Ventura County,,,Thousand Oaks,417 Columbia Rd,34.202506,-118.869518,,3,,,,"near Burleson Ave, dog barking ruined recording",,,
JS-20120512-1058-M9,,M581,Carpodacus mexicanus,,,,,"Song, Jackie",,,,,12,May,2012,,,United States of America,California,Ventura County,,,Thousand Oaks,Conejo Valley Plaza 1 LLC; pinned on map,34.19782,-118.869435,,2,,,,,,,
JS-20120512-1059-M10,,M582,Carpodacus mexicanus,,,,,"Song, Jackie",,,,,12,May,2012,,,United States of America,California,Ventura County,,,Thousand Oaks,Conejo Valley Plaza 1 LLC; pinned on map,34.19782,-118.869435,,2,,,,"same spot as M9, pick between the two",,,
JS-20120513-1003-M1,,M583,Carpodacus mexicanus,,,,,"Song, Jackie",,,,,13,May,2012,,,United States of America,California,Ventura County,,,Camarillo,100 S Las Posas Rd,34.217418,-119.068982,,9,,,,"G & M Food Mart, Gas 76 (Las Posas Car Wash & Lube Center)",Address retrieved from Jackie's notebook,,
JS-20120513-1004-M2,,M584,Carpodacus mexicanus,,,,,"Song, Jackie",,,,,13,May,2012,,,United States of America,California,Ventura County,,,Camarillo,100 S Las Posas Rd,34.217418,-119.068982,,6,,,,corner of E Ventura Blvd & Factory Stores Dr,Address retrieved from Jackie's notebook,,
JS-20120513-1006-M3,,M585,Carpodacus mexicanus,,,,,"Song, Jackie",,,,,13,May,2012,,,United States of America,California,Ventura County,,,Camarillo,100 S Las Posas Rd,34.217418,-119.068982,,16,,,,"corner of E Ventura Blvd & Factory Stores Dr, M1-M3 at the same spot","Address retrieved from Jackie's notebook, E Ventura Blvd & Factory Stores corner isn't near the Food Mart; must be an error",,
JS-20120513-1007-M1,,M586,Carpodacus mexicanus,,,,,"Song, Jackie",,,,,13,May,2012,,,United States of America,California,Santa Barbara County,,,Carpinteria,1241 La Brea Ln,34.395725,-119.508712,,3,,,,"near Cameo Rd, near Mundinger's original spot",Address retrieved from Jackie's notebook,,
JS-20120513-1011-M2,,M587,Carpodacus mexicanus,,,,,"Song, Jackie",,,,,13,May,2012,,,United States of America,California,Santa Barbara County,,,Carpinteria,1483 Namouna St,34.403551,-119.5114,,9,,,,near El Carro Ln,,,
JS-20120513-1012-M3,,M588,Carpodacus mexicanus,,,,,"Song, Jackie",,,,,13,May,2012,,,United States of America,California,Santa Barbara County,,,Carpinteria,5398 El Carro Ln,34.404206,-119.508832,,15,,,,,,,
JS-20120513-1012-M4,,M589,Carpodacus mexicanus,,,,,"Song, Jackie",,,,,13,May,2012,,,United States of America,California,Santa Barbara County,,,Carpinteria,5398 El Carro Ln,34.404206,-119.508832,,4,,,,,,,
JS-20120513-1013-M4,JS-20120513-1012-M4,M589,Carpodacus mexicanus,,,,,"Song, Jackie",,,,,13,May,2012,,,United States of America,California,Santa Barbara County,,,Carpinteria,5398 El Carro Ln,34.404206,-119.508832,,20,,,,,,,
JS-20120513-1014-M4,JS-20120513-1012-M4,M589,Carpodacus mexicanus,,,,,"Song, Jackie",,,,,13,May,2012,,,United States of America,California,Santa Barbara County,,,Carpinteria,5398 El Carro Ln,34.404206,-119.508832,,11,,,,"near Jay St, might be the same as M3, use M4",,,
JS-20120513-1015-M5,,M590,Carpodacus mexicanus,,,,,"Song, Jackie",,,,,13,May,2012,,,United States of America,California,Santa Barbara County,,,Carpinteria,4985 El Carro Ln,34.404789,-119.516065,,2,,,,recorded infront of a school,,,
JS-20120513-1015-M6,,M591,Carpodacus mexicanus,,,,,"Song, Jackie",,,,,13,May,2012,,,United States of America,California,Santa Barbara County,,,Carpinteria,4985 El Carro Ln,34.404789,-119.516065,,8,,,,"near Linden Ave, St Joseph's Church, M5 & M6 same area",,,
JS-20120513-1016-M7,,M592,Carpodacus mexicanus,,,,,"Song, Jackie",,,,,13,May,2012,,,United States of America,California,Santa Barbara County,,,Carpinteria,5048 El Carro Ln,34.404932,-119.514932,,14,,,,"near Linden Ave, close to M5 & M6, use M7",clear recording,,
JS-20120513-1021-M8,,M593,Carpodacus mexicanus,,,,,"Song, Jackie",,,,,13,May,2012,,,United States of America,California,Santa Barbara County,,,Carpinteria,4925 Sandyland Rd,34.394118,-119.52552,,3,,,,by Elm Ave,,,
JS-20120513-1024-M9,,M594,Carpodacus mexicanus,,,,,"Song, Jackie",,,,,13,May,2012,,,United States of America,California,Santa Barbara County,,,Carpinteria,4848 5th St,34.397758,-119.522953,,6,,,,4838 Elm Ave off Holly Ave,"Jackie's reported address not found and must be in error, Elm Ave and Holly Ave run parallel to each other and don't intersect",,
JS-20120513-1025-M10,,M595,Carpodacus mexicanus,,,,,"Song, Jackie",,,,,13,May,2012,,,United States of America,California,Santa Barbara County,,,Carpinteria,220 Elm Ave,34.395267,-119.524611,,17,,,,near 3rd St,,,
JS-20120513-1030-M11,,M596,Carpodacus mexicanus,,,,,"Song, Jackie",,,,,13,May,2012,,,United States of America,California,Santa Barbara County,,,Carpinteria,5427 Cameo Rd,34.398577,-119.511462,,1,,,,,,,
JS-20120513-1031-M12,,M597,Carpodacus mexicanus,,,,,"Song, Jackie",,,,,13,May,2012,,,United States of America,California,Santa Barbara County,,,Carpinteria,5467 Cameo Rd,34.398198,-119.510694,,16,,,,use M12 instead of M11,,,
JS-20120513-1034-M1,,M598,Carpodacus mexicanus,,,,,"Song, Jackie",,,,,13,May,2012,,,United States of America,California,Santa Barbara County,,,Montecito,135 Santo Tomas Ln,34.423284,-119.639282,,28,,,,near Santa Clara Way,,,
JS-20120513-1035-M1,JS-20120513-1034-M1,M598,Carpodacus mexicanus,,,,,"Song, Jackie",,,,,13,May,2012,,,United States of America,California,Santa Barbara County,,,Montecito,135 Santo Tomas Ln,34.423284,-119.639282,,4,,,,near Santa Clara Way,location is called Montecito by Google Maps,,
JS-20120513-1037-M2,,M599,Carpodacus mexicanus,,,,,"Song, Jackie",,,,,13,May,2012,,,United States of America,California,Santa Barbara County,,,Santa Barbara,336 E Cota St,34.421749,-119.692285,,6,,,,on Laguna St,,,
JS-20120513-1039-M4,,M600,Carpodacus mexicanus,,,,,"Song, Jackie",,,,,13,May,2012,,,United States of America,California,Santa Barbara County,,,Santa Barbara,347 Chapala St,34.414595,-119.695351,,4,,,,near Gutierrez St,skipped M3,,
JS-20120513-1039-M5,,M601,Carpodacus mexicanus,,,,,"Song, Jackie",,,,,13,May,2012,,,United States of America,California,Santa Barbara County,,,Santa Barbara,347 Chapala St,34.414595,-119.695351,,15,,,,near Gutierrez St,,,
JS-20120513-1040-M5,JS-20120513-1039-M5,M601,Carpodacus mexicanus,,,,,"Song, Jackie",,,,,13,May,2012,,,United States of America,California,Santa Barbara County,,,Santa Barbara,347 Chapala St,34.414595,-119.695351,,1,,,,"near Gutierrez St, could be the same as M4, use M5",,,
JS-20120513-1041-M6,,M602,Carpodacus mexicanus,,,,,"Song, Jackie",,,,,13,May,2012,,,United States of America,California,Santa Barbara County,,,Santa Barbara,1023 Bath St,34.418684,-119.706233,,7,,,,Casa Dolores,,,
JS-20120513-1043-M7,,M603,Carpodacus mexicanus,,,,,"Song, Jackie",,,,,13,May,2012,,,United States of America,California,Santa Barbara County,,,Santa Barbara,1023 Bath St,34.418684,-119.706233,,4,,,,"Casa Dolores, could be the same as M6",,,
JS-20120513-1044-M8,,M604,Carpodacus mexicanus,,,,,"Song, Jackie",,,,,13,May,2012,,,United States of America,California,Santa Barbara County,,,Santa Barbara,301 W Figueroa St,34.418987,-119.706484,,2,,,,"off Bath St, M6, M7, M8 recorded in same area","recording error, Jackie didn't realize the recorder was off, only 2 songs recorded out of about 12 songs",,
JS-20120513-1046-M9,,M605,Carpodacus mexicanus,,,,,"Song, Jackie",,,,,13,May,2012,,,United States of America,California,Santa Barbara County,,,Santa Barbara,2128 Bath St,34.429431,-119.720117,,7,,,,by W Los Olivos St,,,
JS-20120513-1047-M10,,M606,Carpodacus mexicanus,,,,,"Song, Jackie",,,,,13,May,2012,,,United States of America,California,Santa Barbara County,,,Santa Barbara,2417 Castillo St,34.430844,-119.724981,,14,,,,,,,
JS-20120513-1048-M10,JS-20120513-1047-M10,M606,Carpodacus mexicanus,,,,,"Song, Jackie",,,,,13,May,2012,,,United States of America,California,Santa Barbara County,,,Santa Barbara,2417 Castillo St,34.430844,-119.724981,,13,,,,by W Quinto St,,,
JS-20120513-1049-M11,,M607,Carpodacus mexicanus,,,,,"Song, Jackie",,,,,13,May,2012,,,United States of America,California,Santa Barbara County,,,Santa Barbara,2611 Clinton Terrace,34.431481,-119.73228,,39,,,,,Address confirmed in Jackie's notebook,,
JS-20120513-1050-M11,JS-20120513-1049-M11,M607,Carpodacus mexicanus,,,,,"Song, Jackie",,,,,13,May,2012,,,United States of America,California,Santa Barbara County,,,Santa Barbara,2611 Clinton Terrace,34.431481,-119.73228,,29,,,,,Address confirmed in Jackie's notebook,,
JS-20120513-1051-M11,JS-20120513-1049-M11,M607,Carpodacus mexicanus,,,,,"Song, Jackie",,,,,13,May,2012,,,United States of America,California,Santa Barbara County,,,Santa Barbara,2611 Clinton Terrace,34.431481,-119.73228,,5,,,,"The Samarkand, near Treasure Dr & Tallant Rd",Address confirmed in Jackie's notebook,,
JS-20120513-1053-M12,,M608,Carpodacus mexicanus,,,,,"Song, Jackie",,,,,13,May,2012,,,United States of America,California,Santa Barbara County,,,Santa Barbara,"Student Resource Building (SRB), Ocean Rd",34.412699,-119.852686,,20,,,,,,,
JS-20120513-1054-M12,JS-20120513-1053-M12,M608,Carpodacus mexicanus,,,,,"Song, Jackie",,,,,13,May,2012,,,United States of America,California,Santa Barbara County,,,Santa Barbara,"Student Resource Building (SRB), Ocean Rd",34.412699,-119.852686,,24,,,,"pinned on map, UCSB Campus, Student Resource Building, near a parking lot, Faculty Club and Theater Buildings, next to a lagoon where Mundinger got his original recordings",,,
JS-20120513-1055-M12,JS-20120513-1053-M12,M608,Carpodacus mexicanus,,,,,"Song, Jackie",,,,,13,May,2012,,,United States of America,California,Santa Barbara County,,,Santa Barbara,"Student Resource Building (SRB), Ocean Rd",34.412699,-119.852686,,3,,,,,,,
JS-20120513-1059-M1,,M609,Carpodacus mexicanus,,,,,"Song, Jackie",,,,,13,May,2012,,,United States of America,California,Santa Barbara County,,,Lompoc,234 N C St,34.641851,-120.451127,,7,,,,off E Chestnut Ave,,,
JS-20120513-1060-M1,JS-20120513-1059-M1,M609,Carpodacus mexicanus,,,,,"Song, Jackie",,,,,13,May,2012,,,United States of America,California,Santa Barbara County,,,Lompoc,234 N C St,34.641851,-120.451127,,10,,,,"off E Chestnut Ave, next to a park",,,
JS-20120513-1064-M2,,M610,Carpodacus mexicanus,,,,,"Song, Jackie",,,,,13,May,2012,,,United States of America,California,Santa Barbara County,,,Lompoc,233 N Seventh St,34.641829,-120.440479,,4,,,,"E Chestnut St, between 6th & 7th St, pinned on map, challenging to isolate a recording in this alleyway",address retrieved from Jackie's notebook (recorded as 233 Chestnut St),,
JS-20120513-1064-M3,,M611,Carpodacus mexicanus,,,,,"Song, Jackie",,,,,13,May,2012,,,United States of America,California,Santa Barbara County,,,Lompoc,237 N Seventh St,34.6419,-120.440573,,3,,,,"behind the house, pick between M2 & M3, pinned on map",address retrieved from Jackie's notebook (recorded as 237 Chestnut St),,
JS-20120513-1067-M4,,M612,Carpodacus mexicanus,,,,,"Song, Jackie",,,,,13,May,2012,,,United States of America,California,Santa Barbara County,,,Lompoc,237 N Seventh St,34.6419,-120.440573,,4,,,,(1068) M4 written in notebook just in case,address retrieved from Jackie's notebook,,
JS-20120513-1070-M5,,M613,Carpodacus mexicanus,,,,,"Song, Jackie",,,,,13,May,2012,,,United States of America,California,Santa Barbara County,,,Lompoc,101 N T St,34.63937,-120.473262,,4,,,,"off W Ocean St, Courtyard Garden",,,
JS-20120513-1074-M6,,M614,Carpodacus mexicanus,,,,,"Song, Jackie",,,,,13,May,2012,,,United States of America,California,Santa Barbara County,,,Lompoc,800 W Fir Ave,34.631197,-120.467501,,2,,,,"off S O Pl, difficult to get recordings in this spot, not sure why, not a lot of buildings, maybe late in the day or really windy",,,
JS-20120513-1075-M7,,M615,Carpodacus mexicanus,,,,,"Song, Jackie",,,,,13,May,2012,,,United States of America,California,Santa Barbara County,,,Lompoc,800 W Fir Ave,34.631197,-120.467501,,1,,,,off S O Pl,,,
JS-20120513-1076-M8,,M616,Carpodacus mexicanus,,,,,"Song, Jackie",,,,,13,May,2012,,,United States of America,California,Santa Barbara County,,,Lompoc,524 S O Pl,34.631341,-120.467022,,2,,,,near W Fir Ave,,,
JS-20120513-1076-M9,,M617,Carpodacus mexicanus,,,,,"Song, Jackie",,,,,13,May,2012,,,United States of America,California,Santa Barbara County,,,Lompoc,800 W Fir Ave,34.631197,-120.467501,,8,,,,"Choose between M6-M9, pick M9",,,
JS-20120513-1077-M10,,M618,Carpodacus mexicanus,,,,,"Song, Jackie",,,,,13,May,2012,,,United States of America,California,Santa Barbara County,,,Lompoc,300 N W St,34.642559,-120.476128,,4,,,,recorded at the mouth of an alleyway connecting W Chestnut Ave and W Laurel Ave between N W St and V St,300 N W St is used as an approximate address,,
JS-20120514-1003-M1,,M619,Carpodacus mexicanus,,,,,"Song, Jackie",,,,,14,May,2012,,,United States of America,California,Santa Barbara County,,,Santa Maria,pinned on map,34.941749,-120.422588,,1,,,,,,,
JS-20120514-1004-M2,,M620,Carpodacus mexicanus,,,,,"Song, Jackie",,,,,14,May,2012,,,United States of America,California,Santa Barbara County,,,Santa Maria,pinned on map,34.941826,-120.421706,,4,,,,"Community College Allen Hancock Campus, pick between M1 & M2",only parsed songs after visual confirmation,,
JS-20120514-1006-M3,,M621,Carpodacus mexicanus,,,,,"Song, Jackie",,,,,14,May,2012,,,United States of America,California,Santa Barbara County,,,Santa Maria,pinned on map,34.941826,-120.421706,,2,,,,,,,
JS-20120514-1006-M4,,M622,Carpodacus mexicanus,,,,,"Song, Jackie",,,,,14,May,2012,,,United States of America,California,Santa Barbara County,,,Santa Maria,pinned on map,34.941365,-120.421768,,10,,,,,,,
JS-20120514-1007-M4,JS-20120514-1006-M4,M622,Carpodacus mexicanus,,,,,"Song, Jackie",,,,,14,May,2012,,,United States of America,California,Santa Barbara County,,,Santa Maria,pinned on map,34.941365,-120.421768,,1,,,,M1-M4 recorded same area,pick M4,,
JS-20120514-1011-M5,,M623,Carpodacus mexicanus,,,,,"Song, Jackie",,,,,14,May,2012,,,United States of America,California,Santa Barbara County,,,Santa Maria,706 Las Flores Pl,34.940742,-120.426709,,3,,,,near S E Ave,address retrieved from Jackie's notebook,,
JS-20120514-1013-M6,,M624,Carpodacus mexicanus,,,,,"Song, Jackie",,,,,14,May,2012,,,United States of America,California,Santa Barbara County,,,Santa Maria,706 E Camino Colegio,34.941457,-120.426712,,16,,,,,,,
JS-20120514-1014-M6,JS-20120514-1013-M6,M624,Carpodacus mexicanus,,,,,"Song, Jackie",,,,,14,May,2012,,,United States of America,California,Santa Barbara County,,,Santa Maria,706 E Camino Colegio,34.941457,-120.426712,,12,,,,"background male, very confusing recording, another male singing in the background at the same time and pattern","very difficult to differentiate between background bird and main bird, tried to parse reasonably",,
JS-20120514-1016-M7,,M625,Carpodacus mexicanus,,,,,"Song, Jackie",,,,,14,May,2012,,,United States of America,California,Santa Barbara County,,,Santa Maria,706 E Camino Colegio,34.941457,-120.426712,,1,,,,"M5-M7 same area, near Bethel Lutheran Church",,,
JS-20120514-1018-M8,,M626,Carpodacus mexicanus,,,,,"Song, Jackie",,,,,14,May,2012,,,United States of America,California,Santa Barbara County,,,Santa Maria,702 E Camino Colegio,34.941461,-120.426913,,3,,,,M5-M8 same area,,,
JS-20120514-1019-M9,,M627,Carpodacus mexicanus,,,,,"Song, Jackie",,,,,14,May,2012,,,United States of America,California,Santa Barbara County,,,Santa Maria,1005 S E Ave,34.926301,-120.474848,,3,,,,lots of trouble finding finches in this rural town,,,
JS-20120514-1022-M10,,M628,Carpodacus mexicanus,,,,,"Song, Jackie",,,,,14,May,2012,,,United States of America,California,Santa Barbara County,,,Santa Maria,1113 S E Ave,34.926301,-120.474848,,4,,,,"near Sierra Madre Ave, M5-M10 same area",,,
JS-20120514-1023-M11,,M629,Carpodacus mexicanus,,,,,"Song, Jackie",,,,,14,May,2012,,,United States of America,California,Santa Barbara County,,,Santa Maria,pinned on map,34.933857,-120.4215,,4,,,,Columbia Business Center where the Allen Hancock,,,
JS-20120514-1024-M12,,M630,Carpodacus mexicanus,,,,,"Song, Jackie",,,,,14,May,2012,,,United States of America,California,Santa Barbara County,,,Santa Maria,1505 South Shephard Dr,34.93429,-120.421659,,10,,,,"Medical Dental Arts Building, close to M11, check distance",,,
JS-20120514-1025-M13,,M631,Carpodacus mexicanus,,,,,"Song, Jackie",,,,,14,May,2012,,,United States of America,California,Santa Barbara County,,,Santa Maria,pinned on map,34.934601,-120.421575,,11,,,,"near Enos Dr & Shephard Dr, choose between M12 & M13",,,
JS-20120514-1026-M1,,M632,Carpodacus mexicanus,,,,,"Song, Jackie",,,,,14,May,2012,,,United States of America,California,Santa Barbara County,,,Santa Maria,pinned on map,35.145279,-120.641861,,1,,,,"near 507 & 511 San Louis & Bellow St, First Church of Christ Scientist Building",,,
JS-20120514-1026-M2,,M633,Carpodacus mexicanus,,,,,"Song, Jackie",,,,,14,May,2012,,,United States of America,California,Santa Barbara County,,,Santa Maria,pinned on map,35.145279,-120.641861,,1,,,,"near 507 & 511 San Louis & Bellow St, First Church of Christ Scientist Building",,,
JS-20120514-1026-M3,,M634,Carpodacus mexicanus,,,,,"Song, Jackie",,,,,14,May,2012,,,United States of America,California,Santa Barbara County,,,Santa Maria,pinned on map,35.145279,-120.641861,,7,,,,"near 507 & 511 San Louis & Bellow St, First Church of Christ Scientist Building",,,
JS-20120514-1030-M4,,M635,Carpodacus mexicanus,,,,,"Song, Jackie",,,,,14,May,2012,,,United States of America,California,Santa Barbara County,,,Santa Maria,581 Bay St,34.967577,-120.415637,,5,,,,near Bello St,,,
JS-20120514-1031-M5,,M636,Carpodacus mexicanus,,,,,"Song, Jackie",,,,,14,May,2012,,,United States of America,California,San Luis Obispo County,,,Pismo Beach,452 Stimson Ave,35.14151,-120.636462,,4,,,,near Bettiga Way,,,
JS-20120514-1031-M6,,M637,Carpodacus mexicanus,,,,,"Song, Jackie",,,,,14,May,2012,,,United States of America,California,San Luis Obispo County,,,Pismo Beach,452 Stimson Ave,35.14151,-120.636462,,3,,,,near Bettiga Way,,,
JS-20120514-1032-M6,JS-20120514-1031-M6,M637,Carpodacus mexicanus,,,,,"Song, Jackie",,,,,14,May,2012,,,United States of America,California,San Luis Obispo County,,,Pismo Beach,452 Stimson Ave,35.14151,-120.636462,,13,,,,M5 & M6 could be the same,,,
JS-20120514-1033-M6,JS-20120514-1031-M6,M637,Carpodacus mexicanus,,,,,"Song, Jackie",,,,,14,May,2012,,,United States of America,California,San Luis Obispo County,,,Pismo Beach,452 Stimson Ave,35.14151,-120.636462,,1,,,,,,,
JS-20120514-1034-M7,,M638,Carpodacus mexicanus,,,,,"Song, Jackie",,,,,14,May,2012,,,United States of America,California,San Luis Obispo County,,,Pismo Beach,220 Selma St,35.145501,-120.635808,,5,,,,near Lemoore Ave & Price Canyon Rd,probably referring to Selma St,,
JS-20120514-1036-M8,,M639,Carpodacus mexicanus,,,,,"Song, Jackie",,,,,14,May,2012,,,United States of America,California,San Luis Obispo County,,,Pismo Beach,911 Longview Ave,35.151533,-120.637648,,21,,,,near Tulare St,,,
JS-20120514-1037-M9,,M640,Carpodacus mexicanus,,,,,"Song, Jackie",,,,,14,May,2012,,,United States of America,California,San Luis Obispo County,,,Pismo Beach,931 Wadsworth Ave,35.147912,-120.641277,,12,,,,near Longview Ave,,,
JS-20120514-1038-M10,,M641,Carpodacus mexicanus,,,,,"Song, Jackie",,,,,14,May,2012,,,United States of America,California,San Luis Obispo County,,,Pismo Beach,961 Wadsworth Ave,35.148127,-120.641621,,36,,,,"near Longview Ave, choose between M9 & M10, use M10",,,
JS-20120514-1042-M11,,M642,Carpodacus mexicanus,,,,,"Song, Jackie",,,,,14,May,2012,,,United States of America,California,San Luis Obispo County,,,Grover Beach,149 Brighton Ave,35.124483,-120.628911,,1,,,,"near N 2nd St, Pismo Beach (Technically Grover Beach? 1040)",,,
JS-20120514-1043-M12,,M643,Carpodacus mexicanus,,,,,"Song, Jackie",,,,,14,May,2012,,,United States of America,California,San Luis Obispo County,,,Grover Beach,321 N 2nd St,35.124649,-120.628792,,2,,,,near Brighton Ave,,,
JS-20120514-1044-M13,,M644,Carpodacus mexicanus,,,,,"Song, Jackie",,,,,14,May,2012,,,United States of America,California,San Luis Obispo County,,,Grover Beach,284 Beckett Pl,35.123926,-120.62861,,4,,,,near Brighton Ave,,,
JS-20120514-1044-M14,,M645,Carpodacus mexicanus,,,,,"Song, Jackie",,,,,14,May,2012,,,United States of America,California,San Luis Obispo County,,,Grover Beach,321 N 2nd St,35.124649,-120.628792,,7,,,,near Brighton Ave,"Addresses and numbers are confusing… Jackie claims that M12 is the same address as M14 but later says that it's the same address as M11 and that she needs to get the addresses for M13 & M12, even though she already stated M11's address",,
JS-20120514-1044-M15,,M646,Carpodacus mexicanus,,,,,"Song, Jackie",,,,,14,May,2012,,,United States of America,California,San Luis Obispo County,,,Grover Beach,321 N 2nd St,35.124649,-120.628792,,12,,,,,,,
JS-20120514-1045-M15,JS-20120514-1044-M15,M646,Carpodacus mexicanus,,,,,"Song, Jackie",,,,,14,May,2012,,,United States of America,California,San Luis Obispo County,,,Grover Beach,321 N 2nd St,35.124649,-120.628792,,21,,,,"M11-M15 same area, choose M15",,,
JS-20120514-1047-M16,,M647,Carpodacus mexicanus,,,,,"Song, Jackie",,,,,14,May,2012,,,United States of America,California,,,,,,,,,7,,,,640 Dollar Rd (Pacific Coast Hwy) off Pomeroy Ave,Address unclear and not found,,
JS-20120514-1052-M1,,M648,Carpodacus mexicanus,,,,,"Song, Jackie",,,,,14,May,2012,,,United States of America,California,San Luis Obispo County,,,Cambria,1880 Main St,35.562941,-121.085474,,1,,,,parking lot of Bluebird Inn,Address retrieved from Jackie's notebook,,
JS-20120514-1054-M2,,M649,Carpodacus mexicanus,,,,,"Song, Jackie",,,,,14,May,2012,,,United States of America,California,San Luis Obispo County,,,Cambria,1460 Main St,35.562531,-121.088584,,2,,,,,,,
JS-20120514-1055-M3,,M650,Carpodacus mexicanus,,,,,"Song, Jackie",,,,,14,May,2012,,,United States of America,California,San Luis Obispo County,,,Cambria,1460 Main St,35.562531,-121.088584,,1,,,,,,,
JS-20120514-1058-M4,,M651,Carpodacus mexicanus,,,,,"Song, Jackie",,,,,14,May,2012,,,United States of America,California,San Luis Obispo County,,,Cambria,1460 Main St,35.562531,-121.088584,,7,,,,"M2-M4 same spot, use M4",,,
JS-20120514-1062-M5,,M652,Carpodacus mexicanus,,,,,"Song, Jackie",,,,,14,May,2012,,,United States of America,California,San Luis Obispo County,,,Cambria,789 Cornwall St,35.568061,-121.09906,,3,,,,off Hillcrest Dr,,,
JS-20120514-1062-M6,,M653,Carpodacus mexicanus,,,,,"Song, Jackie",,,,,14,May,2012,,,United States of America,California,San Luis Obispo County,,,Cambria,789 Cornwall St,35.568061,-121.09906,,3,,,,Alongside the Parking Lot of Cambria Pacific Counseling,,,
JS-20120514-1064-M7,,M654,Carpodacus mexicanus,,,,,"Song, Jackie",,,,,14,May,2012,,,United States of America,California,San Luis Obispo County,,,Cambria,786 Arlington St,35.567875,-121.099442,,14,,,,"near Cornwall St, M5-M7 same spot, use M7",,,
JS-20120514-1065-M8,,M655,Carpodacus mexicanus,,,,,"Song, Jackie",,,,,14,May,2012,,,United States of America,California,San Luis Obispo County,,,Cambria,910 Hartford St,35.566079,-121.097697,,26,,,,near Sheffield St,,,
JS-20120514-1066-M8,JS-20120514-1065-M8,M655,Carpodacus mexicanus,,,,,"Song, Jackie",,,,,14,May,2012,,,United States of America,California,San Luis Obispo County,,,Cambria,910 Hartford St,35.566079,-121.097697,,16,,,,near Sheffield St,,,
JS-20120514-1068-M9,,M656,Carpodacus mexicanus,,,,,"Song, Jackie",,,,,14,May,2012,,,United States of America,California,San Luis Obispo County,,,Cambria,215 Leighton St,35.561732,-121.106218,,42,,,,"near Nottingham Dr, recorded on the oceanfront, near a beach and lots of finch activity compared to the business district",,,
JS-20120514-1071-M10,,M657,Carpodacus mexicanus,,,,,"Song, Jackie",,,,,14,May,2012,,,United States of America,California,San Luis Obispo County,,,Cambria,4655 Windsor Blvd,35.556794,-121.102717,,3,,,,,,,
JS-20120515-1004-M1,,M658,Carpodacus mexicanus,,,,,"Song, Jackie",,,,,15,May,2012,,,United States of America,California,Monterey County ,,,Monterey,960 Del Monte Center,36.583157,-121.899739,,3,,,,"Petco Animal Supplies, Del Monte Shopping Center",address and notes retrieved from Jackie's notebook,,
JS-20120515-1005-M2,,M659,Carpodacus mexicanus,,,,,"Song, Jackie",,,,,15,May,2012,,,United States of America,California,Monterey County ,,,Monterey,1410 Del Monte Center,36.583419,-121.900322,,4,,,,"pinned on map, between Whole Food & Country Club Cleaners, quality questionable",,,
JS-20120515-1008-M3,,M660,Carpodacus mexicanus,,,,,"Song, Jackie",,,,,15,May,2012,,,United States of America,California,Monterey County ,,,Monterey,"640 Del Monte Center Building 6, Space 16, Del Monte Center",36.583148,-121.896112,,6,,,,Subway,"Address retrieved from Jackie's notebook, latitude/longitude derived from Jackie's pin",,
JS-20120515-1010-M4,,M661,Carpodacus mexicanus,,,,,"Song, Jackie",,,,,15,May,2012,,,United States of America,California,Monterey County ,,,Monterey,1500 Del Monte Center,36.584103,-121.894915,,5,,,,"in the parking lot near Forever 21, pinned on map",Address is that of Forever 21,,
JS-20120515-1012-M5,,M662,Carpodacus mexicanus,,,,,"Song, Jackie",,,,,15,May,2012,,,United States of America,California,Monterey County ,,,Monterey,219 Watson St,36.603497,-121.898598,,3,,,,near Scott St,,,
JS-20120515-1014-M6,,M663,Carpodacus mexicanus,,,,,"Song, Jackie",,,,,15,May,2012,,,United States of America,California,Monterey County ,,,Monterey,"Rite Aid Pharmacy, 1301 Munras Avenue",36.583082,-121.898651,,3,,,,pinned on map,"Address retrieved from Jackie's notebook, latitude/longitude derived from Jackie's pin",,
JS-20120515-1016-M7,,M664,Carpodacus mexicanus,,,,,"Song, Jackie",,,,,15,May,2012,,,United States of America,California,Monterey County ,,,Monterey,"Rite Aid Pharmacy, 1301 Munras Avenue",36.583082,-121.898651,,2,,,,pinned on map,"Address retrieved from Jackie's notebook, latitude/longitude derived from Jackie's pin",,
JS-20120515-1018-M8,,M665,Carpodacus mexicanus,,,,,"Song, Jackie",,,,,15,May,2012,,,United States of America,California,Monterey County ,,,Monterey,"Rite Aid Pharmacy, 1301 Munras Avenue",36.583173,-121.899071,,15,,,,"pinned on map, M1-M8 same shopping center, use M8, check distance on the map for earlier recordings","three good songs of another bird in the same area, but Jackie discarded it",,
JS-20120515-1021-M9,,M666,Carpodacus mexicanus,,,,,"Song, Jackie",,,,,15,May,2012,,,United States of America,California,Monterey County ,,,Monterey,pinned on map,36.593198,-121.883854,,2,,,,Monterey Penninsula College,,,
JS-20120515-1023-M10,,M667,Carpodacus mexicanus,,,,,"Song, Jackie",,,,,15,May,2012,,,United States of America,California,Monterey County ,,,Monterey,pinned on map,36.593198,-121.883854,,5,,,,"might be same as M9, choose between M9 & M10",,,
JS-20120515-1028-M11,,M668,Carpodacus mexicanus,,,,,"Song, Jackie",,,,,15,May,2012,,,United States of America,California,Monterey County ,,,Monterey,1170 Alta Mesa Rd,36.587367,-121.896773,,11,,,,near Alta Mesa Cir,,,
JS-20120515-1030-M1,,M669,Carpodacus mexicanus,,,,,"Song, Jackie",,,,,15,May,2012,,,United States of America,California,Monterey County ,,,Carmel-By-The-Sea,73 Yankee Point Dr,36.485321,-121.939876,,8,,,,near Carmel Riveria Dr,,,
JS-20120515-1036-M2,,M670,Carpodacus mexicanus,,,,,"Song, Jackie",,,,,15,May,2012,,,United States of America,California,Monterey County ,,,Carmel-By-The-Sea,3445 Rio Rd,36.540452,-121.911607,,5,,,,,,,
JS-20120515-1038-M3,,M671,Carpodacus mexicanus,,,,,"Song, Jackie",,,,,15,May,2012,,,United States of America,California,Monterey County ,,,Carmel-By-The-Sea,pinned on map,36.54155,-121.922067,,5,,,,"Carmel Mission Ranch, next to tennis courts",same pin as M4,,
JS-20120515-1040-M4,,M672,Carpodacus mexicanus,,,,,"Song, Jackie",,,,,15,May,2012,,,United States of America,California,Monterey County ,,,Carmel-By-The-Sea,pinned on map,36.54155,-121.922067,,12,,,,,,,
JS-20120515-1041-M4,JS-20120515-1040-M4,M672,Carpodacus mexicanus,,,,,"Song, Jackie",,,,,15,May,2012,,,United States of America,California,Monterey County ,,,Carmel-By-The-Sea,pinned on map,36.54155,-121.922067,,17,,,,,"challenging to parse, unsure which songs are from recorded vs background bird",,
JS-20120515-1042-M4,JS-20120515-1040-M4,M672,Carpodacus mexicanus,,,,,"Song, Jackie",,,,,15,May,2012,,,United States of America,California,Monterey County ,,,Carmel-By-The-Sea,pinned on map,36.54155,-121.922067,,14,,,,use M4 instead of M3,recording cleared up,,
JS-20120515-1043-M5,,M673,Carpodacus mexicanus,,,,,"Song, Jackie",,,,,15,May,2012,,,United States of America,California,Monterey County ,,,Carmel-By-The-Sea,2508 16th Ave,36.541827,-121.928825,,24,,,,,,,
JS-20120515-1044-M5,JS-20120515-1043-M5,M673,Carpodacus mexicanus,,,,,"Song, Jackie",,,,,15,May,2012,,,United States of America,California,Monterey County ,,,Carmel-By-The-Sea,2508 16th Ave,36.541827,-121.928825,,3,,,,near Rio Ave,,,
JS-20120515-1045-M6,,M674,Carpodacus mexicanus,,,,,"Song, Jackie",,,,,15,May,2012,,,United States of America,California,Monterey County ,,,Carmel-By-The-Sea,26484 Carmello St,36.5394,-121.928213,,15,,,,"near Scenic Rd, near Carmello River Beach State Park Wetlands Reserve, at a traffic circle",,,
JS-20120515-1048-M7,,M675,Carpodacus mexicanus,,,,,"Song, Jackie",,,,,15,May,2012,,,United States of America,California,Monterey County ,,,Carmel-By-The-Sea,26236 Deloras St,36.542807,-121.922487,,6,,,,"pinned on map, one of Mundinger's original spots, measure distance",,,
JS-20120516-1002-M1,,M676,Carpodacus mexicanus,,,,,"Song, Jackie",,,,,16,May,2012,,,United States of America,California,San Benito County,,,Hollister,360 Locust Ave,36.853216,-121.407609,,36,,,,near 4th St,,,
JS-20120516-1003-M1,JS-20120516-1002-M1,M676,Carpodacus mexicanus,,,,,"Song, Jackie",,,,,16,May,2012,,,United States of America,California,San Benito County,,,Hollister,360 Locust Ave,36.853216,-121.407609,,11,,,,near 4th St,,,
JS-20120516-1004-M2,,M677,Carpodacus mexicanus,,,,,"Song, Jackie",,,,,16,May,2012,,,United States of America,California,San Benito County,,,Hollister,747 7th St,36.84924,-121.41074,,6,,,,"near Convent Alley, near M1, perimeter of Sacred Heart Elementary School",,,
JS-20120516-1007-M3,,M678,Carpodacus mexicanus,,,,,"Song, Jackie",,,,,16,May,2012,,,United States of America,California,San Benito County,,,Hollister,pinned on map,36.849911,-121.406192,,3,,,,"Dunne Memorial Park, courtship dance and singing, might've picked up some of the female's chirps",,,
JS-20120516-1011-M4,,M679,Carpodacus mexicanus,,,,,"Song, Jackie",,,,,16,May,2012,,,United States of America,California,San Benito County,,,Hollister,90 Locust Ave,36.855778,-121.409615,,5,,,,near W 2nd St,,,
JS-20120516-1012-M5,,M680,Carpodacus mexicanus,,,,,"Song, Jackie",,,,,16,May,2012,,,United States of America,California,San Benito County,,,Hollister,530 Virginia Dr,36.853985,-121.406247,,29,,,,,,,
JS-20120516-1013-M5,JS-20120516-1012-M5,M680,Carpodacus mexicanus,,,,,"Song, Jackie",,,,,16,May,2012,,,United States of America,California,San Benito County,,,Hollister,530 Virginia Dr,36.853985,-121.406247,,8,,,,"near West St, Hollister Community Center, Vista Hill Park",,,
JS-20120516-1014-M6,,M681,Carpodacus mexicanus,,,,,"Song, Jackie",,,,,16,May,2012,,,United States of America,California,San Benito County,,,Hollister,341 Mapleton Ave,36.8534,-121.410241,,1,,,,runs parallel to Freemont Way & Mapleton Ave,Address retrieved from Jackie's notebook,,
JS-20120516-1015-M7,,M682,Carpodacus mexicanus,,,,,"Song, Jackie",,,,,16,May,2012,,,United States of America,California,San Benito County,,,Hollister,316 Mapleton Ave,36.853768,-121.410868,,5,,,,near Central Ave,,,
JS-20120516-1016-M8,,M683,Carpodacus mexicanus,,,,,"Song, Jackie",,,,,16,May,2012,,,United States of America,California,San Benito County,,,Hollister,316 Mapleton Ave,36.853768,-121.410868,,2,,,,could be the same as M7,,,
JS-20120516-1019-M9,,M684,Carpodacus mexicanus,,,,,"Song, Jackie",,,,,16,May,2012,,,United States of America,California,San Benito County,,,Hollister,360 Mapleton Ave,36.853198,-121.410931,,3,,,,"near Fremont Way, not good quality recording, pick between M6-M9",,,
JS-20120516-1022-M10,,M685,Carpodacus mexicanus,,,,,"Song, Jackie",,,,,16,May,2012,,,United States of America,California,San Benito County,,,Hollister,1134 Sally St,36.843003,-121.400724,,6,,,,near Olive St,,,
JS-20120516-1025-M11,,M686,Carpodacus mexicanus,,,,,"Song, Jackie",,,,,16,May,2012,,,United States of America,California,San Benito County,,,Hollister,E Park St,36.843433,-121.394566,,10,,,,"near Rancho Dr, near San Jesto Park, Rancho San Jesto Middle School",,,
JS-20120516-1027-M12,,M687,Carpodacus mexicanus,,,,,"Song, Jackie",,,,,16,May,2012,,,United States of America,California,San Benito County,,,Hollister,119 Palm St,36.841448,-121.401042,,4,,,,Stone Alley off of Pond St: Salley St & Smith Street,Address retrieved from Jackie's notebook,,
JS-20120516-1027-M13,,M688,Carpodacus mexicanus,,,,,"Song, Jackie",,,,,16,May,2012,,,United States of America,California,San Benito County,,,Hollister,119 Palm St,36.841448,-121.401042,,15,,,,"Stone Alley off of Pond St: Salley St & Smith Street, use M13",Address retrieved from Jackie's notebook,,
JS-20120516-1031-M14,,M689,Carpodacus mexicanus,,,,,"Song, Jackie",,,,,16,May,2012,,,United States of America,California,San Benito County,,,Hollister,329 Haydon St,36.844557,-121.402865,,3,,,,near San Benito St,,,
JS-20120516-1032-M15,,M690,Carpodacus mexicanus,,,,,"Song, Jackie",,,,,16,May,2012,,,United States of America,California,San Benito County,,,Hollister,330 Haydon St,36.845174,-121.402869,,4,,,,"near San Benito St, choose between M14 & M15",,,
JS-20120516-1033-M16,,M691,Carpodacus mexicanus,,,,,"Song, Jackie",,,,,16,May,2012,,,United States of America,California,San Benito County,,,Hollister,pinned on map,36.849977,-121.406789,,3,,,,"center of Dunne Memorial Park, close to M3?",,,
JS-20120516-1035-M17,,M692,Carpodacus mexicanus,,,,,"Song, Jackie",,,,,16,May,2012,,,United States of America,California,San Benito County,,,Hollister,1080 Powell St,36.841414,-121.408243,,4,,,,near C St,,,
JS-20120516-1037-M18,,M693,Carpodacus mexicanus,,,,,"Song, Jackie",,,,,16,May,2012,,,United States of America,California,San Benito County,,,Hollister,1071 Powell St,36.841635,-121.407559,,7,,,,"near C St, pick between M17 & M18",,,
JS-20120516-1040-M19,,M694,Carpodacus mexicanus,,,,,"Song, Jackie",,,,,16,May,2012,,,United States of America,California,San Benito County,,,Hollister,860 C St,36.842107,-121.412323,,14,,,,"near Homestead Ave, by the end of the loop on C St",,,
JS-20120516-1044-M20,,M695,Carpodacus mexicanus,,,,,"Song, Jackie",,,,,16,May,2012,,,United States of America,California,San Benito County,,,Hollister,860 Brittany Cir,36.841096,-121.412182,,2,,,,near Line St,,,
JS-20120516-1045-M21,,M696,Carpodacus mexicanus,,,,,"Song, Jackie",,,,,16,May,2012,,,United States of America,California,San Benito County,,,Hollister,1091 Homestead Ave,36.841181,-121.410662,,5,,,,"near C St and Nash Rd, Pick between M19-M21",,,
JS-20120516-1048-M22,,M697,Carpodacus mexicanus,,,,,"Song, Jackie",,,,,16,May,2012,,,United States of America,California,San Benito County,,,Hollister,pinned on map,36.839103,-121.407609,,8,,,,San Bonito High School,,,
JS-20120516-1052-M23,,M698,Carpodacus mexicanus,,,,,"Song, Jackie",,,,,16,May,2012,,,United States of America,California,San Benito County,,,Hollister,379 Richardson Dr,36.841672,-121.403734,,21,,,,near Monterey St,,,
JS-20120516-1053-M23,JS-20120516-1052-M23,M698,Carpodacus mexicanus,,,,,"Song, Jackie",,,,,16,May,2012,,,United States of America,California,San Benito County,,,Hollister,379 Richardson Dr,36.841672,-121.403734,,2,,,,near Monterey St,,,
JS-20120516-1054-M24,,M699,Carpodacus mexicanus,,,,,"Song, Jackie",,,,,16,May,2012,,,United States of America,California,San Benito County,,,Hollister,1296 West St,36.841079,-121.406303,,1,,,,off D St,,,
JS-20120516-1055-M25,,M700,Carpodacus mexicanus,,,,,"Song, Jackie",,,,,16,May,2012,,,United States of America,California,San Benito County,,,Hollister,1296 West St,36.841079,-121.406303,,17,,,,"off D St, across the st from San Bonito High School, Choose M25",,,
JS-20120516-1057-M26,,M701,Carpodacus mexicanus,,,,,"Song, Jackie",,,,,16,May,2012,,,United States of America,California,San Benito County,,,Hollister,1851 Cienega Rd,36.833231,-121.400889,,5,,,,off East View Dr,,,
JS-20120516-1058-M27,,M702,Carpodacus mexicanus,,,,,"Song, Jackie",,,,,16,May,2012,,,United States of America,California,San Benito County,,,Hollister,1840 Cushman St,36.834903,-121.398717,,7,,,,near East View Dr,,,
JS-20120516-1059-M28,,M703,Carpodacus mexicanus,,,,,"Song, Jackie",,,,,16,May,2012,,,United States of America,California,San Benito County,,,Hollister,1840 Cushman St,36.834903,-121.398717,,17,,,,near East View Dr,,,
JS-20120516-1061-M29,,M704,Carpodacus mexicanus,,,,,"Song, Jackie",,,,,16,May,2012,,,United States of America,California,San Benito County,,,Hollister,771 Gia Ct,36.831875,-121.389336,,27,,,,near Alyssa Dr,,,
JS-20120516-1062-M29,JS-20120516-1061-M29,M704,Carpodacus mexicanus,,,,,"Song, Jackie",,,,,16,May,2012,,,United States of America,California,San Benito County,,,Hollister,771 Gia Ct,36.831875,-121.389336,,16,,,,near Alyssa Dr,,,
JS-20120516-1064-M1,,M705,Carpodacus mexicanus,,,,,"Song, Jackie",,,,,16,May,2012,,,United States of America,California,Santa Clara County,,,Gilroy,pinned on map,36.988924,-121.559641,,23,,,,"Gilroy,  Hilton Garden Inn, Motel 6, same location as Mundinger's original recording",,,
JS-20120516-1067-M2,,M706,Carpodacus mexicanus,,,,,"Song, Jackie",,,,,16,May,2012,,,United States of America,California,Santa Clara County,,,Gilroy,pinned on map,36.988924,-121.559478,,3,,,,,,,
JS-20120516-1069-M3,,M707,Carpodacus mexicanus,,,,,"Song, Jackie",,,,,16,May,2012,,,United States of America,California,Santa Clara County,,,Gilroy,pinned on map,36.988924,-121.559478,,30,,,,"M1-M3 same spot, use M3",used same pin for M2 and M3,,
JS-20120516-1070-M4,,M708,Carpodacus mexicanus,,,,,"Song, Jackie",,,,,16,May,2012,,,United States of America,California,Santa Clara County,,,Gilroy,pinned on map,36.991071,-121.559594,,1,,,,"only courtship songs, near the Mind Body & Paint Shop",,,
JS-20120516-1074-M5,,M709,Carpodacus mexicanus,,,,,"Song, Jackie",,,,,16,May,2012,,,United States of America,California,Santa Clara County,,,Gilroy,6469 Barron Pl,36.992682,-121.565081,,6,,,,near Victoria Dr,,,
JS-20120516-1077-M6,,M710,Carpodacus mexicanus,,,,,"Song, Jackie",,,,,16,May,2012,,,United States of America,California,Santa Clara County,,,Gilroy,6901 Church St,36.998225,-121.568149,,1,,,,near Southgate Ct,,,
JS-20120516-1079-M7,,M711,Carpodacus mexicanus,,,,,"Song, Jackie",,,,,16,May,2012,,,United States of America,California,Santa Clara County,,,Gilroy,7045 Yorktown Dr,36.99641,-121.581034,,2,,,,near Greenwich Dr,,,
JS-20120516-1083-M8,,M712,Carpodacus mexicanus,,,,,"Song, Jackie",,,,,16,May,2012,,,United States of America,California,Santa Clara County,,,Gilroy,pinned on map,36.962589,-121.550771,,12,,,,"Close to intersection of Route 101 & 125, at North Hollister or South Gilroy, matches Mundinger's description on original recordings near the winery(1081)",,,
JS-20120516-1084-M9,,M713,Carpodacus mexicanus,,,,,"Song, Jackie",,,,,16,May,2012,,,United States of America,California,Santa Clara County,,,Gilroy,pinned on map,36.962589,-121.550771,,4,,,,"mostly incomplete songs, same area as M8",,,
JS-20120516-1087-M10,,M714,Carpodacus mexicanus,,,,,"Song, Jackie",,,,,16,May,2012,,,United States of America,California,Santa Clara County,,,Gilroy,pinned on map,36.964713,-121.550925,,7,,,,same area M8-M10 near the Rapasene winery,,,
JS-20120516-1089-M11,,M715,Carpodacus mexicanus,,,,,"Song, Jackie",,,,,16,May,2012,,,United States of America,California,Santa Clara County,,,Gilroy,pinned on map,36.964713,-121.550925,,6,,,,M8-M11 same area,used same pin for M10 and M11,,
JS-20120516-1091-M12,,M716,Carpodacus mexicanus,,,,,"Song, Jackie",,,,,16,May,2012,,,United States of America,California,Santa Clara County,,,Gilroy,pinned on map,36.971186,-121.552858,,3,,,,Garlic Walls near Route 101,,,
JS-20120516-1098-M13,,M717,Carpodacus mexicanus,,,,,"Song, Jackie",,,,,16,May,2012,,,United States of America,California,Santa Clara County,,,Gilroy,pinned on map,37.00169,-121.558924,,2,,,,parking lot of the south valley shopping plaza,,,
JS-20120516-1100-M14,,M718,Carpodacus mexicanus,,,,,"Song, Jackie",,,,,16,May,2012,,,United States of America,California,Santa Clara County,,,Gilroy,pinned on map,37.00169,-121.558924,,5,,,,"same spot as M13, Gilroy DMV office & shopping center",,,
JS-20120516-1101-M15,,M719,Carpodacus mexicanus,,,,,"Song, Jackie",,,,,16,May,2012,,,United States of America,California,Santa Clara County,,,Gilroy,Gilroy Fire Department 7070 Chestnut St,37.002913,-121.560919,,6,,,,shopping center,Address retrieved from Jackie's notebook and pin,,
JS-20120516-1103-M16,,M720,Carpodacus mexicanus,,,,,"Song, Jackie",,,,,16,May,2012,,,United States of America,California,Santa Clara County,,,Gilroy,100 E 6th St,37.007139,-121.566979,,22,,,,by Railroad St,,,
JS-20120516-1104-M16,JS-20120516-1103-M16,M720,Carpodacus mexicanus,,,,,"Song, Jackie",,,,,16,May,2012,,,United States of America,California,Santa Clara County,,,Gilroy,100 E 6th St,37.007139,-121.566979,,6,,,,by Railroad St,,,
JS-20120517-1006-M1,,M721,Carpodacus mexicanus,,,,,"Song, Jackie",,,,,17,May,2012,,,United States of America,California,Northern California's Bay Area,,,Redwood City,720 Charter St,37.481964,-122.213989,,3,,,,near Spring St,,,
JS-20120517-1006-M2,,M722,Carpodacus mexicanus,,,,,"Song, Jackie",,,,,17,May,2012,,,United States of America,California,Northern California's Bay Area,,,Redwood City,720 Charter St,37.481964,-122.213989,,5,,,,"near Spring St, pick between M1 & M2",,,
JS-20120517-1007-M3,,M723,Carpodacus mexicanus,,,,,"Song, Jackie",,,,,17,May,2012,,,United States of America,California,Northern California's Bay Area,,,Redwood City,1180 Hilton St,37.482267,-122.216714,,1,,,,near Laural St and Hoover Park,specific address not found,,
JS-20120517-1008-M4,,M724,Carpodacus mexicanus,,,,,"Song, Jackie",,,,,17,May,2012,,,United States of America,California,Northern California's Bay Area,,,Redwood City,732 Charter St,37.482326,-122.213739,,6,,,,near Spring St,,,
JS-20120517-1009-M5,,M725,Carpodacus mexicanus,,,,,"Song, Jackie",,,,,17,May,2012,,,United States of America,California,Northern California's Bay Area,,,Redwood City,744 Charter St,37.48269,-122.213487,,20,,,,"near Spring St, pick between M4 & M5, pick M5",,,
JS-20120517-1010-M6,,M726,Carpodacus mexicanus,,,,,"Song, Jackie",,,,,17,May,2012,,,United States of America,California,Northern California's Bay Area,,,Redwood City,502 Bay Rd,37.48587,-122.220728,,1,,,,near Beech St,,,
JS-20120517-1012-M7,,M727,Carpodacus mexicanus,,,,,"Song, Jackie",,,,,17,May,2012,,,United States of America,California,Northern California's Bay Area,,,Redwood City,543 Bay Rd,37.486323,-122.220008,,9,,,,near Beech St,,,
JS-20120517-1013-M8,,M728,Carpodacus mexicanus,,,,,"Song, Jackie",,,,,17,May,2012,,,United States of America,California,Northern California's Bay Area,,,Redwood City,543 Bay Rd,37.486323,-122.220008,,7,,,,"near Beech St, use M8",,,
JS-20120517-1016-M9,,M729,Carpodacus mexicanus,,,,,"Song, Jackie",,,,,17,May,2012,,,United States of America,California,Northern California's Bay Area,,,Redwood City,141 Oak Ave,37.476051,-122.224859,,1,,,,near Woodrow St,,,
JS-20120517-1017-M10,,M730,Carpodacus mexicanus,,,,,"Song, Jackie",,,,,17,May,2012,,,United States of America,California,Northern California's Bay Area,,,Redwood City,1234 Clinton St,37.475357,-122.225767,,14,,,,near Oak Ave,,,
JS-20120517-1018-M11,,M731,Carpodacus mexicanus,,,,,"Song, Jackie",,,,,17,May,2012,,,United States of America,California,Northern California's Bay Area,,,Redwood City,1116 Woodrow St,37.477357,-122.227024,,6,,,,"near Oak Ave, M9-M11 same area, use M11",,,
JS-20120517-1021-M12,,M732,Carpodacus mexicanus,,,,,"Song, Jackie",,,,,17,May,2012,,,United States of America,California,Northern California's Bay Area,,,Redwood City,224 Poplar Ave,37.474722,-122.223942,,1,,,,,,,
JS-20120517-1022-M13,,M733,Carpodacus mexicanus,,,,,"Song, Jackie",,,,,17,May,2012,,,United States of America,California,Northern California's Bay Area,,,Redwood City,238 Poplar Ave,37.474528,-122.224186,,8,,,,"near Addison Ave, M12-M13 same area, pick M13, near the Union Center",,,
JS-20120517-1025-M14,,M734,Carpodacus mexicanus,,,,,"Song, Jackie",,,,,17,May,2012,,,United States of America,California,Northern California's Bay Area,,,Redwood City,224 Poplar Ave,37.474722,-122.223942,,4,,,,same area as M12-M13,,,
JS-20120517-1028-M15,,M735,Carpodacus mexicanus,,,,,"Song, Jackie",,,,,17,May,2012,,,United States of America,California,Northern California's Bay Area,,,Redwood City,823 Vera Ave,37.474909,-122.234214,,3,,,,near Iris St,,,
JS-20120517-1028-M16,,M736,Carpodacus mexicanus,,,,,"Song, Jackie",,,,,17,May,2012,,,United States of America,California,Northern California's Bay Area,,,Redwood City,919 Iris St,37.474704,-122.234093,,7,,,,near Vera Ave,,,
JS-20120517-1029-M16,JS-20120517-1028-M16,M736,Carpodacus mexicanus,,,,,"Song, Jackie",,,,,17,May,2012,,,United States of America,California,Northern California's Bay Area,,,Redwood City,919 Iris St,37.474704,-122.234093,,9,,,,near Vera Ave,,,
JS-20120517-1030-M17,,M737,Carpodacus mexicanus,,,,,"Song, Jackie",,,,,17,May,2012,,,United States of America,California,Northern California's Bay Area,,,Redwood City,823 Vera Ave,37.474909,-122.234214,,25,,,,use M17 over M15-M16,,,
JS-20120517-1031-M18,,M738,Carpodacus mexicanus,,,,,"Song, Jackie",,,,,17,May,2012,,,United States of America,California,Northern California's Bay Area,,,Redwood City,1432 Roosevelt Ave,37.47025,-122.237237,,3,,,,off Oliver St,,,
JS-20120517-1032-M19,,M739,Carpodacus mexicanus,,,,,"Song, Jackie",,,,,17,May,2012,,,United States of America,California,Northern California's Bay Area,,,Redwood City,1170 Oliver St,37.469022,-122.235898,,27,,,,"off Roosevelt Ave, use M19 instead of M18",,,
JS-20120517-1036-M20,,M740,Carpodacus mexicanus,,,,,"Song, Jackie",,,,,17,May,2012,,,United States of America,California,Northern California's Bay Area,,,Redwood City,1220 Redwood Ave,37.468983,-122.232692,,10,,,,off Hawes St,,,
JS-20120517-1038-M21,,M741,Carpodacus mexicanus,,,,,"Song, Jackie",,,,,17,May,2012,,,United States of America,California,Northern California's Bay Area,,,Redwood City,1030 Redwood Ave,37.469889,-122.231459,,2,,,,by Gordon St,,,
JS-20120517-1039-M22,,M742,Carpodacus mexicanus,,,,,"Song, Jackie",,,,,17,May,2012,,,United States of America,California,Northern California's Bay Area,,,Redwood City,Redwood Ave & Norman St,37.471137,-122.229406,,10,,,,,,,
JS-20120517-1042-M23,,M743,Carpodacus mexicanus,,,,,"Song, Jackie",,,,,17,May,2012,,,United States of America,California,Northern California's Bay Area,,,Redwood City,1460 Oak Ave,37.46869,-122.235151,,1,,,,"near Sierra St, bird feeder nearby",,,
JS-20120517-1044-M24,,M744,Carpodacus mexicanus,,,,,"Song, Jackie",,,,,17,May,2012,,,United States of America,California,Northern California's Bay Area,,,Redwood City,1674 Valota Rd,37.461978,-122.229902,,7,,,,"off Rosemary Ln, paired with female",,,
JS-20120517-1045-M25,,M745,Carpodacus mexicanus,,,,,"Song, Jackie",,,,,17,May,2012,,,United States of America,California,Northern California's Bay Area,,,Redwood City,1306 Valota Rd,37.466388,-122.235309,,10,,,,"off Redwood Ln, not the greatest quality due to traffic",,,
JS-20120517-1047-M26,,M746,Carpodacus mexicanus,,,,,"Song, Jackie",,,,,17,May,2012,,,United States of America,California,Northern California's Bay Area,,,Redwood City,1306 Valota Rd,37.466388,-122.235309,,14,,,,off Redwood Ln,,,
JS-20120517-1048-M26,JS-20120517-1047-M26,M746,Carpodacus mexicanus,,,,,"Song, Jackie",,,,,17,May,2012,,,United States of America,California,Northern California's Bay Area,,,Redwood City,1306 Valota Rd,37.466388,-122.235309,,6,,,,off Redwood Ln,,,
JS-20120517-1049-M26,JS-20120517-1047-M26,M746,Carpodacus mexicanus,,,,,"Song, Jackie",,,,,17,May,2012,,,United States of America,California,Northern California's Bay Area,,,Redwood City,1306 Valota Rd,37.466388,-122.235309,,1,,,,off Redwood Ln,,,
JS-20120517-1050-M27,,M747,Carpodacus mexicanus,,,,,"Song, Jackie",,,,,17,May,2012,,,United States of America,California,Northern California's Bay Area,,,Redwood City,pinned on map,37.470918,-122.238833,,5,,,,"couldn't focus on the songs, questionable quality",recording turned out well,,
JS-20120517-1051-M27,JS-20120517-1050-M27,M747,Carpodacus mexicanus,,,,,"Song, Jackie",,,,,17,May,2012,,,United States of America,California,Northern California's Bay Area,,,Redwood City,pinned on map,37.470918,-122.238833,,3,,,,Red Morton Community Park,,,
JS-20120517-1054-M28,,M748,Carpodacus mexicanus,,,,,"Song, Jackie",,,,,17,May,2012,,,United States of America,California,Northern California's Bay Area,,,Redwood City,pinned on map,37.470661,-122.238912,,2,,,,Red Morton Community Park,,,
JS-20120517-1055-M29,,M749,Carpodacus mexicanus,,,,,"Song, Jackie",,,,,17,May,2012,,,United States of America,California,Northern California's Bay Area,,,Redwood City,pinned on map,37.470222,-122.239377,,18,,,,Red Morton Community Park,,,
JS-20120517-1056-M29,JS-20120517-1055-M29,M749,Carpodacus mexicanus,,,,,"Song, Jackie",,,,,17,May,2012,,,United States of America,California,Northern California's Bay Area,,,Redwood City,pinned on map,37.470222,-122.239377,,24,,,,Red Morton Community Park,,,
JS-20120517-1057-M29,JS-20120517-1055-M29,M749,Carpodacus mexicanus,,,,,"Song, Jackie",,,,,17,May,2012,,,United States of America,California,Northern California's Bay Area,,,Redwood City,pinned on map,37.470222,-122.239377,,6,,,,"recorded in same park as previous males, use M29",Park name retrieved from Jackie's notebook,,
JS-20120517-1058-M30,,M750,Carpodacus mexicanus,,,,,"Song, Jackie",,,,,17,May,2012,,,United States of America,California,Northern California's Bay Area,,,Redwood City,1908 Roosevelt Ave,37.46784,-122.240214,,6,,,,near Ruby St and Taft St,,,
JS-20120517-1059-M31,,M751,Carpodacus mexicanus,,,,,"Song, Jackie",,,,,17,May,2012,,,United States of America,California,Northern California's Bay Area,,,Redwood City,2136 Vera Ave,37.467608,-122.244243,,19,,,,by Upton St,,,
JS-20120517-1060-M31,JS-20120517-1059-M31,M751,Carpodacus mexicanus,,,,,"Song, Jackie",,,,,17,May,2012,,,United States of America,California,Northern California's Bay Area,,,Redwood City,2136 Vera Ave,37.467608,-122.244243,,4,,,,"by Upton St, next to Roosevelt Elementary School",,,
JS-20120517-1061-M32,,M752,Carpodacus mexicanus,,,,,"Song, Jackie",,,,,17,May,2012,,,United States of America,California,Northern California's Bay Area,,,Redwood City,600 Warrington Ave,37.478813,-122.207822,,10,,,,and Halsey Ave,,,
JS-20120517-1064-M33,,M753,Carpodacus mexicanus,,,,,"Song, Jackie",,,,,17,May,2012,,,United States of America,California,Northern California's Bay Area,,,Redwood City,644 Warrington Ave,37.479474,-122.207364,,6,,,,"by Fair Oaks Ave, M32 & M33 closeby, use M33",3 perfectly good songs discarded by Jackie (1063),,
JS-20120517-1065-M34,,M754,Carpodacus mexicanus,,,,,"Song, Jackie",,,,,17,May,2012,,,United States of America,California,Northern California's Bay Area,,,Redwood City,816 Warrington Ave,37.482346,-122.205298,,16,,,,between Spring St & Bay Rd,,,
JS-20120517-1066-M34,JS-20120517-1065-M34,M754,Carpodacus mexicanus,,,,,"Song, Jackie",,,,,17,May,2012,,,United States of America,California,Northern California's Bay Area,,,Redwood City,816 Warrington Ave,37.482346,-122.205298,,11,,,,between Spring St & Bay Rd,,,
JS-20120517-1068-M1,,M755,Carpodacus mexicanus,,,,,"Song, Jackie",,,,,17,May,2012,,,United States of America,California,Santa Clara County,,,Santa Clara,3493 Bennett Ave,37.324966,-121.992259,,4,,,,off of Claremont Ave,,,
JS-20120517-1070-M2,,M756,Carpodacus mexicanus,,,,,"Song, Jackie",,,,,17,May,2012,,,United States of America,California,Santa Clara County,,,Santa Clara,204 Rodonovan Dr,37.327582,-121.990905,,9,,,,"near Mauricia Ave, near Mundinger's original location",,,
JS-20120517-1072-M3,,M757,Carpodacus mexicanus,,,,,"Song, Jackie",,,,,17,May,2012,,,United States of America,California,Santa Clara County,,,Santa Clara,156 Claremont Ave,37.326146,-121.991871,,2,,,,near Elmhurst Ave,,,
JS-20120517-1074-M4,,M758,Carpodacus mexicanus,,,,,"Song, Jackie",,,,,17,May,2012,,,United States of America,California,Santa Clara County,,,Santa Clara,3520 Bennett Ave,37.32453,-121.993203,,1,,,,,,,
JS-20120517-1076-M6,,M759,Carpodacus mexicanus,,,,,"Song, Jackie",,,,,17,May,2012,,,United States of America,California,Santa Clara County,,,Santa Clara,3562 Gibson Ave,37.325251,-121.993989,,1,,,,off of Elmhurst Ave,skipped M5,,
JS-20120517-1078-M7,,M760,Carpodacus mexicanus,,,,,"Song, Jackie",,,,,17,May,2012,,,United States of America,California,Santa Clara County,,,Santa Clara,3562 Gibson Ave,37.325251,-121.993989,,1,,,,off of Elmhurst Ave,,,
JS-20120517-1080-M8,,M761,Carpodacus mexicanus,,,,,"Song, Jackie",,,,,17,May,2012,,,United States of America,California,Santa Clara County,,,Santa Clara,1255 Lexington St,37.346942,-121.946647,,12,,,,off of Jackson St,,,
JS-20120517-1083-M9,,M762,Carpodacus mexicanus,,,,,"Song, Jackie",,,,,17,May,2012,,,United States of America,California,Santa Clara County,,,Santa Clara,pinned on map,37.348356,-121.940951,,32,,,,"near St. Joseph's Hall, Santa Clara Admission Grounds",,,
JS-20120517-1085-M10,,M763,Carpodacus mexicanus,,,,,"Song, Jackie",,,,,17,May,2012,,,United States of America,California,Santa Clara County,,,Santa Clara,1160 Freemont St,37.350719,-121.947343,,2,,,,near Main St,,,
JS-20120517-1086-M11,,M764,Carpodacus mexicanus,,,,,"Song, Jackie",,,,,17,May,2012,,,United States of America,California,Santa Clara County,,,Santa Clara,1242 Washington St,37.351894,-121.946103,,2,,,,by Fremont St,,,
JS-20120517-1087-M12,,M765,Carpodacus mexicanus,,,,,"Song, Jackie",,,,,17,May,2012,,,United States of America,California,Santa Clara County,,,Santa Clara,1731 Main St,37.356219,-121.949266,,1,,,,,,,
JS-20120517-1088-M13,,M766,Carpodacus mexicanus,,,,,"Song, Jackie",,,,,17,May,2012,,,United States of America,California,Santa Clara County,,,Santa Clara,997 Warburton Ave,37.357408,-121.948645,,1,,,,off of Washington Ave,weak recording,,
JS-20120517-1092-M14,,M767,Carpodacus mexicanus,,,,,"Song, Jackie",,,,,17,May,2012,,,United States of America,California,Santa Clara County,,,Santa Clara,2075 Warburton Ave,37.355968,-121.960982,,3,,,,near Long St,,,
JS-20120517-1094-M15,,M768,Carpodacus mexicanus,,,,,"Song, Jackie",,,,,17,May,2012,,,United States of America,California,Santa Clara County,,,Santa Clara,pinned on map,37.350537,-121.941135,,2,,,,"25m away from M17, not sure if it was a male, recorded on Santa Clara Campus","no pin found, used same longitude/latitude as M17/M18",,
JS-20120517-1097-M16,,M769,Carpodacus mexicanus,,,,,"Song, Jackie",,,,,17,May,2012,,,United States of America,California,Santa Clara County,,,Santa Clara,pinned on map,37.350527,-121.941448,,6,,,,,,,
JS-20120517-1099-M17,,M770,Carpodacus mexicanus,,,,,"Song, Jackie",,,,,17,May,2012,,,United States of America,California,Santa Clara County,,,Santa Clara,pinned on map,37.350537,-121.941135,,5,,,,"use M17, Santa Clara University Campus Grounds",Track 1101 discarded because Jackie wasn't certain about which bird was singing,,
JS-20120517-1103-M18,,M771,Carpodacus mexicanus,,,,,"Song, Jackie",,,,,17,May,2012,,,United States of America,California,Santa Clara County,,,Santa Clara,pinned on map,37.350537,-121.941135,,19,,,,,,,
JS-20120517-1104-M18,JS-20120517-1103-M18,M771,Carpodacus mexicanus,,,,,"Song, Jackie",,,,,17,May,2012,,,United States of America,California,Santa Clara County,,,Santa Clara,pinned on map,37.350537,-121.941135,,3,,,,"M15-M18 check distance, pick M18",,,
JS-20120518-1002-M1,,M772,Carpodacus mexicanus,,,,,"Song, Jackie",,,,,18,May,2012,,,United States of America,California,King's County,,,Kettleman City,pinned on map,35.986733,-119.961034,,3,,,,Kettleman City,,,
JS-20120518-1003-M2,,M773,Carpodacus mexicanus,,,,,"Song, Jackie",,,,,18,May,2012,,,United States of America,California,King's County,,,Kettleman City,pinned on map,35.986733,-119.961034,,13,,,,"Lobby of Super 8, same lobby as M1",,,
JS-20120518-1005-M3,,M774,Carpodacus mexicanus,,,,,"Song, Jackie",,,,,18,May,2012,,,United States of America,California,King's County,,,Kettleman City,pinned on map,35.988756,-119.961035,,1,,,,Carlos Junior Parking Lot of Super 8,,,
JS-20120518-1009-M4,,M775,Carpodacus mexicanus,,,,,"Song, Jackie",,,,,18,May,2012,,,United States of America,California,King's County,,,Kettleman City,pinned on map,35.988264,-119.961081,,5,,,,use M4,,,
JS-20120518-1011-M5,,M776,Carpodacus mexicanus,,,,,"Song, Jackie",,,,,18,May,2012,,,United States of America,California,King's County,,,Kettleman City,pinned on map,35.988756,-119.961035,,10,,,,Carlos Junior Parking Lot of Super 8,,,
JS-20120518-1012-M6,,M777,Carpodacus mexicanus,,,,,"Song, Jackie",,,,,18,May,2012,,,United States of America,California,King's County,,,Kettleman City,pinned on map,35.99093,-119.960936,,9,,,,Traveler's RV Parking Grounds,,,
JS-20120518-1015-M7,,M778,Carpodacus mexicanus,,,,,"Song, Jackie",,,,,18,May,2012,,,United States of America,California,King's County,,,Kettleman City,pinned on map,35.99093,-119.960936,,23,,,,Traveler's RV Parking Grounds,,,
JS-20120518-1017-M8,,M779,Carpodacus mexicanus,,,,,"Song, Jackie",,,,,18,May,2012,,,United States of America,California,King's County,,,Kettleman City,Jack In The Box 33313 Bernard Dr,35.988852,-119.95926,,7,,,,Jack-in-a-box,,,
JS-20120518-1019-M9,,M780,Carpodacus mexicanus,,,,,"Song, Jackie",,,,,18,May,2012,,,United States of America,California,King's County,,,Kettleman City,Jack In The Box 33313 Bernard Dr,35.989086,-119.959158,,10,,,,"Jack-in-a-box and McDonalds, use M9 for this location",,,
JS-20120518-1020-M10,,M781,Carpodacus mexicanus,,,,,"Song, Jackie",,,,,18,May,2012,,,United States of America,California,King's County,,,Kettleman City,Jack In The Box 33313 Bernard Dr,35.989086,-119.959158,,21,,,,between Jack-in-a-box and Taco Bell,same latitude/longitude as M9,,
JS-20120518-1024-M11,,M782,Carpodacus mexicanus,,,,,"Song, Jackie",,,,,18,May,2012,,,United States of America,California,King's County,,,Kettleman City,121 Friend St,36.008024,-119.958668,,3,,,,"near General Petroleum Ave, King's County Library, Nappa, Kettleman is the most rural town visited; very barren",,,
JS-20120518-1026-M12,,M783,Carpodacus mexicanus,,,,,"Song, Jackie",,,,,18,May,2012,,,United States of America,California,King's County,,,Kettleman City,200 Friend St,36.008299,-119.958213,,4,,,,"choose between M11 & M12, near large agricultural crop fields",,,
JS-20120518-1031-M13,,M784,Carpodacus mexicanus,,,,,"Song, Jackie",,,,,18,May,2012,,,United States of America,California,King's County,,,Kettleman City,200 Friend St,36.008299,-119.958213,,8,,,,choose between M11 - M13,,,
JS-20120518-1033-M14,,M785,Carpodacus mexicanus,,,,,"Song, Jackie",,,,,18,May,2012,,,United States of America,California,King's County,,,Kettleman City,121 Friend St,36.008024,-119.958668,,12,,,,,,,
JS-20120518-1034-M14,JS-20120518-1033-M14,M785,Carpodacus mexicanus,,,,,"Song, Jackie",,,,,18,May,2012,,,United States of America,California,King's County,,,Kettleman City,121 Friend St,36.008024,-119.958668,,31,,,,use M14 over M11-M14,,,
JS-20120518-1036-M15,,M786,Carpodacus mexicanus,,,,,"Song, Jackie",,,,,18,May,2012,,,United States of America,California,King's County,,,Kettleman City,906 General Petroleum Ave,36.007984,-119.960445,,3,,,,"near Becky Pease St, .1 miles away from M14",,,
JS-20120518-1037-M16,,M787,Carpodacus mexicanus,,,,,"Song, Jackie",,,,,18,May,2012,,,United States of America,California,King's County,,,Kettleman City,906 General Petroleum Ave,36.007984,-119.960445,,12,,,,,,,
JS-20120518-1037-M17,,M788,Carpodacus mexicanus,,,,,"Song, Jackie",,,,,18,May,2012,,,United States of America,California,King's County,,,Kettleman City,906 General Petroleum Ave,36.007984,-119.960445,,10,,,,"M15-M17 same area, choose M17",,,
JS-20120518-1045-M18,,M789,Carpodacus mexicanus,,,,,"Song, Jackie",,,,,18,May,2012,,,United States of America,California,King's County,,,Kettleman City,519 Milham Ave,36.010299,-119.963337,,3,,,,near 5th St,,,
JS-20120518-1045-M19,,M790,Carpodacus mexicanus,,,,,"Song, Jackie",,,,,18,May,2012,,,United States of America,California,King's County,,,Kettleman City,519 Milham Ave,36.010299,-119.963337,,3,,,,near 5th St,,,
JS-20120518-1046-M20,,M791,Carpodacus mexicanus,,,,,"Song, Jackie",,,,,18,May,2012,,,United States of America,California,King's County,,,Kettleman City,321 6th St,36.01002,-119.963461,,6,,,,near Milham Ave,,,
JS-20120518-1051-M21,,M792,Carpodacus mexicanus,,,,,"Song, Jackie",,,,,18,May,2012,,,United States of America,California,King's County,,,Kettleman City,321 6th St,36.01002,-119.963461,,8,,,,"near Milham Ave, same site as M18-M20, use M21",,,
JS-20120518-1057-M22,,M793,Carpodacus mexicanus,,,,,"Song, Jackie",,,,,18,May,2012,,,United States of America,California,King's County,,,Kettleman City,211 King St,36.011162,-119.965676,,24,,,,and 3rd St,,,
JS-20120518-1060-M23,,M794,Carpodacus mexicanus,,,,,"Song, Jackie",,,,,18,May,2012,,,United States of America,California,King's County,,,Kettleman City,28029 Milham Ave,36.009726,-119.968067,,7,,,,near 1st St,,,
JS-20120518-1063-M24,,M795,Carpodacus mexicanus,,,,,"Song, Jackie",,,,,18,May,2012,,,United States of America,California,King's County,,,Kettleman City,pinned on map,36.010545,-119.966815,,6,,,,"401 1st St at the coner of Milham Ave, choose between M23 & M24",Address retrieved from Jackie's notebook,,
JS-20120518-1068-M25,,M796,Carpodacus mexicanus,,,,,"Song, Jackie",,,,,18,May,2012,,,United States of America,California,King's County,,,Kettleman City,225 Maud St,36.009222,-119.966706,,24,,,,off General Petroleum Ave,,,
JS-20120518-1069-M25,JS-20120518-1068-M25,M796,Carpodacus mexicanus,,,,,"Song, Jackie",,,,,18,May,2012,,,United States of America,California,King's County,,,Kettleman City,225 Maud St,36.009222,-119.966706,,8,,,,off General Petroleum Ave,,,
JS-20120518-1071-M26,,M797,Carpodacus mexicanus,,,,,"Song, Jackie",,,,,18,May,2012,,,United States of America,California,King's County,,,Kettleman City,105 4th St,36.008224,-119.964806,,9,,,,off General Petroleum Ave,105 doesn't match a specific address,,
JS-20120518-1072-M27,,M798,Carpodacus mexicanus,,,,,"Song, Jackie",,,,,18,May,2012,,,United States of America,California,King's County,,,Kettleman City,105 4th St,36.008224,-119.964806,,6,,,,choose between M26 & M27,105 doesn't match a specific address,,
JS-20120518-1077-M28,,M799,Carpodacus mexicanus,,,,,"Song, Jackie",,,,,18,May,2012,,,United States of America,California,King's County,,,Kettleman City,124 4th St,36.007925,-119.964507,,11,,,,choose between M26 - M28,,,
JS-20120518-1078-M29,,M800,Carpodacus mexicanus,,,,,"Song, Jackie",,,,,18,May,2012,,,United States of America,California,King's County,,,Kettleman City,Kettleman City Elementary School,36.007731,-119.961522,,1,,,,pinned on map,,,
JS-20120518-1079-M30,,M801,Carpodacus mexicanus,,,,,"Song, Jackie",,,,,18,May,2012,,,United States of America,California,King's County,,,Kettleman City,435 9th St,36.011804,-119.962905,,25,,,,,,,
JS-20120518-1080-M30,JS-20120518-1079-M30,M801,Carpodacus mexicanus,,,,,"Song, Jackie",,,,,18,May,2012,,,United States of America,California,King's County,,,Kettleman City,435 9th St,36.011804,-119.962905,,10,,,,near Edwards St,435 doesn't match a specific address,,
JS-20120518-1082-M32,,M802,Carpodacus mexicanus,,,,,"Song, Jackie",,,,,18,May,2012,,,United States of America,California,King's County,,,Kettleman City,321 Edward St,36.011372,-119.965093,,11,,,,near 9th St,no M31 recording,,
JS-20120518-1086-M1,,M803,Carpodacus mexicanus,,,,,"Song, Jackie",,,,,18,May,2012,,,United States of America,California,Kern County,,,McFarland,519 7th St,35.679211,-119.236205,,7,,,,"near Robertson Ave, McFarland, flat location, no hills or variations in terrain, dry like Kettleman",,,
JS-20120518-1087-M2,,M804,Carpodacus mexicanus,,,,,"Song, Jackie",,,,,18,May,2012,,,United States of America,California,Kern County,,,McFarland,555 7th St,35.679706,-119.236202,,5,,,,near Robertson Ave,,,
JS-20120518-1091-M3,,M805,Carpodacus mexicanus,,,,,"Song, Jackie",,,,,18,May,2012,,,United States of America,California,Kern County,,,McFarland,519 7th St,35.679211,-119.236205,,6,,,,near Robertson Ave,,,
JS-20120518-1097-M4,,M806,Carpodacus mexicanus,,,,,"Song, Jackie",,,,,18,May,2012,,,United States of America,California,Kern County,,,McFarland,Mc Farland Recreation & Park,35.672489,-119.228064,,1,,,,"McFarland Park, pinned on map",,,
JS-20120518-1101-M5,,M807,Carpodacus mexicanus,,,,,"Song, Jackie",,,,,18,May,2012,,,United States of America,California,Kern County,,,McFarland,Mc Farland Recreation & Park,35.672489,-119.228064,,11,,,,"McFarland Park, pinned on map",,,
JS-20120518-1103-M6,,M808,Carpodacus mexicanus,,,,,"Song, Jackie",,,,,18,May,2012,,,United States of America,California,Kern County,,,McFarland,San Joaquin Continuation High,35.679361,-119.234279,,9,,,,McFarland Learning Center,,,
JS-20120518-1106-M7,,M809,Carpodacus mexicanus,,,,,"Song, Jackie",,,,,18,May,2012,,,United States of America,California,Kern County,,,McFarland,San Joaquin Continuation High,35.679361,-119.234279,,5,,,,choose between M6 & M7,"no M8 or M9 recording, Industrial St and East Kern",,
JS-20120518-1112-M1,,M810,Carpodacus mexicanus,,,,,"Song, Jackie",,,,,18,May,2012,,,United States of America,California,Kern County,,,Delano,pinned on map,35.763446,-119.242419,,6,,,,"818 Garces Hwy, near Fast Trip Gas Station & Perez Tire Service",818 doesn't match a specific address,,
JS-20120518-1113-M2,,M811,Carpodacus mexicanus,,,,,"Song, Jackie",,,,,18,May,2012,,,United States of America,California,Kern County,,,Delano,pinned on map,35.763446,-119.242419,,2,,,,,,,
JS-20120518-1113-M3,,M812,Carpodacus mexicanus,,,,,"Song, Jackie",,,,,18,May,2012,,,United States of America,California,Kern County,,,Delano,pinned on map,35.763446,-119.242419,,14,,,,"same area as M2, use M3",,,
JS-20120518-1114-M4,,M813,Carpodacus mexicanus,,,,,"Song, Jackie",,,,,18,May,2012,,,United States of America,California,Kern County,,,Delano,1835 Main St,35.782447,-119.24528,,33,,,,near Lexington St,,,
JS-20120518-1115-M4,JS-20120518-1114-M4,M813,Carpodacus mexicanus,,,,,"Song, Jackie",,,,,18,May,2012,,,United States of America,California,Kern County,,,Delano,1835 Main St,35.782447,-119.24528,,17,,,,near Lexington St,,,
JS-20120518-1116-M5,,M814,Carpodacus mexicanus,,,,,"Song, Jackie",,,,,18,May,2012,,,United States of America,California,Kern County,,,Delano,2406 Susan Dr,35.784487,-119.246381,,8,,,,near Kalibo St,"2406 doesn't match a specific address, either for Susan Dr or Kalibo St",,
JS-20120518-1117-M6,,M815,Carpodacus mexicanus,,,,,"Song, Jackie",,,,,18,May,2012,,,United States of America,California,Kern County,,,Delano,1601 17th Ave,35.778029,-119.236254,,31,,,,"near Princeton St, near the tennis courts",,,
JS-20120518-1118-M6,JS-20120518-1117-M6,M815,Carpodacus mexicanus,,,,,"Song, Jackie",,,,,18,May,2012,,,United States of America,California,Kern County,,,Delano,1601 17th Ave,35.778029,-119.236254,,3,,,,"near Princeton St, near the tennis courts",,,
JS-20120518-1119-M7,,M816,Carpodacus mexicanus,,,,,"Song, Jackie",,,,,18,May,2012,,,United States of America,California,Kern County,,,Delano,Princton St & Cecil Ave,35.775925,-119.236491,,11,,,,exactly .1 miles from M6,,,
JS-20120518-1123-M8,,M817,Carpodacus mexicanus,,,,,"Song, Jackie",,,,,18,May,2012,,,United States of America,California,Kern County,,,Delano,1601 11th Ave,35.772181,-119.236073,,1,,,,"near Princeton St, 7th Day Adventest Chruch",,,
JS-20120518-1125-M9,,M818,Carpodacus mexicanus,,,,,"Song, Jackie",,,,,18,May,2012,,,United States of America,California,Kern County,,,Delano,1011 Oxford St,35.770682,-119.237778,,16,,,,near 10th Ave,1011 doesn't match a specific address,,
JS-20120518-1127-M10,,M819,Carpodacus mexicanus,,,,,"Song, Jackie",,,,,18,May,2012,,,United States of America,California,Kern County,,,Delano,1109 7th Ave,35.765595,-119.242007,,11,,,,near Kensington St,1109 doesn't match a specific address,,
JS-20120519-1002-M1,,M820,Carpodacus mexicanus,,,,,"Song, Jackie",,,,,19,May,2012,,,United States of America,California,Kern County,,,Bakersfield,California Ave & Campus Way,35.36915,-119.029028,,2,,,,,"no specific address, latitude/longitude taken from Jackie's pin",,
JS-20120519-1003-M2,,M821,Carpodacus mexicanus,,,,,"Song, Jackie",,,,,19,May,2012,,,United States of America,California,Kern County,,,Bakersfield,724 Eye St,35.365737,-119.019565,,4,,,,off of 8th St,724 doesn't match a specific address,,
JS-20120519-1004-M3,,M822,Carpodacus mexicanus,,,,,"Song, Jackie",,,,,19,May,2012,,,United States of America,California,Kern County,,,Bakersfield,1521 8th St,35.36446,-119.019614,,1,,,,"near Eye St, near La Unica Market",,,
JS-20120519-1005-M4,,M823,Carpodacus mexicanus,,,,,"Song, Jackie",,,,,19,May,2012,,,United States of America,California,Kern County,,,Bakersfield,801 Chester Ave,35.364774,-119.019204,,7,,,,"near 8th St, La Unica Market, The Big Apple Tobacco, choose between M2-M4",,,
JS-20120519-1006-M5,,M824,Carpodacus mexicanus,,,,,"Song, Jackie",,,,,19,May,2012,,,United States of America,California,Kern County,,,Bakersfield,1117 H St,35.367911,-119.021473,,4,,,,near Blanche St,,,
JS-20120519-1010-M6,,M825,Carpodacus mexicanus,,,,,"Song, Jackie",,,,,19,May,2012,,,United States of America,California,Kern County,,,Bakersfield,2120 19th St,35.376548,-119.026689,,1,,,,,Address retrieved from Jackie's notebook,,
JS-20120519-1012-M7,,M826,Carpodacus mexicanus,,,,,"Song, Jackie",,,,,19,May,2012,,,United States of America,California,Kern County,,,Bakersfield,2100 19th St,35.376508,-119.026088,,36,,,,"M6 & M7 same area, use M7",Address retrieved from Jackie's notebook,,
JS-20120519-1013-M8,,M827,Carpodacus mexicanus,,,,,"Song, Jackie",,,,,19,May,2012,,,United States of America,California,Kern County,,,Bakersfield,1917 N St,35.376936,-119.014268,,21,,,,"near 19th St, Research Center",,,
JS-20120519-1015-M9,,M828,Carpodacus mexicanus,,,,,"Song, Jackie",,,,,19,May,2012,,,United States of America,California,Kern County,,,Bakersfield,800 19th St,35.376448,-119.010945,,1,,,,off of Q St,,,
JS-20120519-1018-M10,,M829,Carpodacus mexicanus,,,,,"Song, Jackie",,,,,19,May,2012,,,United States of America,California,Kern County,,,Bakersfield,901 20th St,35.376839,-119.011537,,1,,,,off of P St,,,
JS-20120519-1020-M11,,M830,Carpodacus mexicanus,,,,,"Song, Jackie",,,,,19,May,2012,,,United States of America,California,Kern County,,,Bakersfield,1020 20th St,35.377323,-119.013591,,4,,,,"near O St, Hall Ambulence Initiative office","no address for 2010, must be an error",,
JS-20120519-1021-M12,,M831,Carpodacus mexicanus,,,,,"Song, Jackie",,,,,19,May,2012,,,United States of America,California,Kern County,,,Bakersfield,330 E 19th St,35.376201,-118.998466,,5,,,,"Pro Air Heating and Air Conditioning Place, across the st from 330 East 19th St & Inyo St",,,
JS-20120519-1022-M13,,M832,Carpodacus mexicanus,,,,,"Song, Jackie",,,,,19,May,2012,,,United States of America,California,Kern County,,,Bakersfield,1209 Owens St,35.380215,-118.986354,,8,,,,near Monterey St,,,
JS-20120519-1023-M14,,M833,Carpodacus mexicanus,,,,,"Song, Jackie",,,,,19,May,2012,,,United States of America,California,Kern County,,,Bakersfield,1431 Pacific St,35.380919,-118.978226,,6,,,,near Brown St,,,
JS-20120519-1025-M15,,M834,Carpodacus mexicanus,,,,,"Song, Jackie",,,,,19,May,2012,,,United States of America,California,Kern County,,,Bakersfield,1330 Quincy St,35.382891,-118.979227,,1,,,,off 1/2 Haley St,couldn't find 1/2,,
JS-20120519-1025-M16,,M835,Carpodacus mexicanus,,,,,"Song, Jackie",,,,,19,May,2012,,,United States of America,California,Kern County,,,Bakersfield,1330 Quincy St,35.382891,-118.979227,,1,,,,,couldn't find 1/2,,
JS-20120519-1026-M17,,M836,Carpodacus mexicanus,,,,,"Song, Jackie",,,,,19,May,2012,,,United States of America,California,Kern County,,,Bakersfield,1330 Quincy St,35.382891,-118.979227,,6,,,,,couldn't find 1/2,,
JS-20120519-1027-M18,,M837,Carpodacus mexicanus,,,,,"Song, Jackie",,,,,19,May,2012,,,United States of America,California,Kern County,,,Bakersfield,1330 Quincy St,35.382891,-118.979227,,8,,,,"across the St from 1616 Quincy & Flower St, pick between M15-M18, use M18",couldn't find 1/2,,
JS-20120519-1029-M19,,M838,Carpodacus mexicanus,,,,,"Song, Jackie",,,,,19,May,2012,,,United States of America,California,Kern County,,,Bakersfield,1920 Robinson St,35.387332,-118.981059,,6,,,,,couldn't find address matching 1917 Robinson St by Grace St,,
JS-20120519-1030-M20,,M839,Carpodacus mexicanus,,,,,"Song, Jackie",,,,,19,May,2012,,,United States of America,California,Kern County,,,Bakersfield,1543 Alameda Ave,35.386575,-118.973962,,4,,,,near San Louis St,,,
JS-20120519-1031-M21,,M840,Carpodacus mexicanus,,,,,"Song, Jackie",,,,,19,May,2012,,,United States of America,California,Kern County,,,Bakersfield,1605 Alamada Ave,35.386797,-118.973422,,6,,,,"M20 & M21 same area, use M21",,,
JS-20120519-1033-M22,,M841,Carpodacus mexicanus,,,,,"Song, Jackie",,,,,19,May,2012,,,United States of America,California,Kern County,,,Bakersfield,pinned on map,35.390088,-118.969493,,4,,,,Heritage Park,,,
JS-20120519-1035-M23,,M842,Carpodacus mexicanus,,,,,"Song, Jackie",,,,,19,May,2012,,,United States of America,California,Kern County,,,Bakersfield,pinned on map,35.390088,-118.969493,,21,,,,Heritage Park,,,
JS-20120519-1036-M23,JS-20120519-1035-M23,M842,Carpodacus mexicanus,,,,,"Song, Jackie",,,,,19,May,2012,,,United States of America,California,Kern County,,,Bakersfield,pinned on map,35.390088,-118.969493,,2,,,,Heritage Park,,,
JS-20120519-1038-M24,,M843,Carpodacus mexicanus,,,,,"Song, Jackie",,,,,19,May,2012,,,United States of America,California,Kern County,,,Bakersfield,pinned on map,35.390132,-118.968634,,21,,,,"M22-M24 same area, use M24, Andy claims it flew out with another female, I disagree because I was watching it the whole time and it was singing as if it were unpaired",,,
JS-20120519-1042-M25,,M844,Carpodacus mexicanus,,,,,"Song, Jackie",,,,,19,May,2012,,,United States of America,California,Kern County,,,Bakersfield,1431 Pacific St,35.380919,-118.978226,,3,,,,,,,
JS-20120519-1042-M26,,M845,Carpodacus mexicanus,,,,,"Song, Jackie",,,,,19,May,2012,,,United States of America,California,Kern County,,,Bakersfield,1431 Pacific St,35.380919,-118.978226,,19,,,,"M14, M25 & M26 same area across the st from each other, use M26",,,
JS-20120519-1045-M27,,M846,Carpodacus mexicanus,,,,,"Song, Jackie",,,,,19,May,2012,,,United States of America,California,Kern County,,,Bakersfield,116 Baker St,35.369273,-118.995983,,9,,,,"near Butte St, Calagan Washing Store, pinned on map",,,
JS-20120519-1049-M28,,M847,Carpodacus mexicanus,,,,,"Song, Jackie",,,,,19,May,2012,,,United States of America,California,Kern County,,,Bakersfield,912 Baker St,35.366312,-118.996265,,26,,,,near E 10 St,,,
JS-20120519-1050-M28,JS-20120519-1049-M28,M847,Carpodacus mexicanus,,,,,"Song, Jackie",,,,,19,May,2012,,,United States of America,California,Kern County,,,Bakersfield,912 Baker St,35.366312,-118.996265,,1,,,,near E 10 St,,,
JS-20120519-1052-M29,,M848,Carpodacus mexicanus,,,,,"Song, Jackie",,,,,19,May,2012,,,United States of America,California,Kern County,,,Bakersfield,S King St & Potomac Ave,35.364825,-118.99408,,3,,,,Union Cemetary Grounds,,,
JS-20120519-1053-M30,,M849,Carpodacus mexicanus,,,,,"Song, Jackie",,,,,19,May,2012,,,United States of America,California,Kern County,,,Bakersfield,S King St & Potomac Ave,35.364825,-118.99408,,32,,,,,,,
JS-20120519-1054-M30,JS-20120519-1053-M30,M849,Carpodacus mexicanus,,,,,"Song, Jackie",,,,,19,May,2012,,,United States of America,California,Kern County,,,Bakersfield,S King St & Potomac Ave,35.364825,-118.99408,,9,,,,"could be the same as M29, use M30",,,
JS-20120519-1057-M31,,M850,Carpodacus mexicanus,,,,,"Song, Jackie",,,,,19,May,2012,,,United States of America,California,Kern County,,,Bakersfield,pinned on map,35.361645,-118.993254,,5,,,,Union Cemetary Grounds,,,
JS-20120519-1058-M32,,M851,Carpodacus mexicanus,,,,,"Song, Jackie",,,,,19,May,2012,,,United States of America,California,Kern County,,,Bakersfield,pinned on map,35.361658,-118.993087,,14,,,,next to M31,,,
JS-20120519-1065-M33,,M852,Carpodacus mexicanus,,,,,"Song, Jackie",,,,,19,May,2012,,,United States of America,California,Kern County,,,Bakersfield,100 N St,35.355271,-119.013775,,1,,,,near 1st St,,,
JS-20120519-1066-M34,,M853,Carpodacus mexicanus,,,,,"Song, Jackie",,,,,19,May,2012,,,United States of America,California,Kern County,,,Bakersfield,1100 1st St,35.3553,-119.014529,,2,,,,"near N St, use M34 instead of M33",,,
JS-20120519-1067-M35,,M854,Carpodacus mexicanus,,,,,"Song, Jackie",,,,,19,May,2012,,,United States of America,California,Kern County,,,Bakersfield,1100 1st St,35.3553,-119.014529,,2,,,,"near N St, could be the same as M34",,,
JS-20120519-1070-M36,,M855,Carpodacus mexicanus,,,,,"Song, Jackie",,,,,19,May,2012,,,United States of America,California,Kern County,,,Bakersfield,pinned on map,35.362975,-118.993272,,20,,,,"pinned on map, Union Cemetary Grounds",,,
JS-20120519-1072-M37,,M856,Carpodacus mexicanus,,,,,"Song, Jackie",,,,,19,May,2012,,,United States of America,California,Kern County,,,Bakersfield,829 Chester Ave,35.365374,-119.019276,,3,,,,"near 9th St & Chester Ave, Fabulous Corner Barbecue Restaurant",,,
JS-20120519-1074-M38,,M857,Carpodacus mexicanus,,,,,"Song, Jackie",,,,,19,May,2012,,,United States of America,California,Kern County,,,Bakersfield,829 Chester Ave,35.365374,-119.019276,,4,,,,"near 9th St & Chester Ave, pick between M37 & M38, Alley runs between Chester Ave & Eye St and 9th & 10th St",,,
JS-20120519-1076-M39,,M858,Carpodacus mexicanus,,,,,"Song, Jackie",,,,,19,May,2012,,,United States of America,California,Kern County,,,Bakersfield,829 Chester Ave,35.365374,-119.019276,,17,,,,"near 9th St & Chester Ave, same alley as M37-M39",,,
,,,,,,,,,,,,,,,,,,,,,,,,,,,,,,,,,,,
,,,,,,,,,,,,,,,,,,,,,,,,,,,,,,,,,,,
,,,,,,,,,,,,,,,,,,,,,,,,,,,,,,,,,,,
,,,,,,,,,,,,,,,,,,,,,,,,,,,,,,,,,,,
,,,,,,,,,,,,,,,,,,,,,,,,,,,,,,,,,,,
,,,,,,,,,,,,,,,,,,,,,,,,,,,,,,,,,,,
,,,,,,,,,,,,,,,,,,,,,,,,,,,,,,,,,,,
,,,,,,,,,,,,,,,,,,,,,,,,,,,,,,,,,,,
,,,,,,,,,,,,,,,,,,,,,,,,,,,,,,,,,,,
,,,,,,,,,,,,,,,,,,,,,,,,,,,,,,,,,,,
,,,,,,,,,,,,,,,,,,,,,,,,,,,,,,,,,,,
,,,,,,,,,,,,,,,,,,,,,,,,,,,,,,,,,,,
,,,,,,,,,,,,,,,,,,,,,,,,,,,,,,,,,,,
,,,,,,,,,,,,,,,,,,,,,,,,,,,,,,,,,,,
,,,,,,,,,,,,,,,,,,,,,,,,,,,,,,,,,,,
,,,,,,,,,,,,,,,,,,,,,,,,,,,,,,,,,,,
,,,,,,,,,,,,,,,,,,,,,,,,,,,,,,,,,,,
,,,,,,,,,,,,,,,,,,,,,,,,,,,,,,,,,,,
,,,,,,,,,,,,,,,,,,,,,,,,,,,,,,,,,,,
,,,,,,,,,,,,,,,,,,,,,,,,,,,,,,,,,,,
,,,,,,,,,,,,,,,,,,,,,,,,,,,,,,,,,,,
,,,,,,,,,,,,,,,,,,,,,,,,,,,,,,,,,,,
,,,,,,,,,,,,,,,,,,,,,,,,,,,,,,,,,,,
,,,,,,,,,,,,,,,,,,,,,,,,,,,,,,,,,,,
,,,,,,,,,,,,,,,,,,,,,,,,,,,,,,,,,,,
,,,,,,,,,,,,,,,,,,,,,,,,,,,,,,,,,,,
,,,,,,,,,,,,,,,,,,,,,,,,,,,,,,,,,,,
,,,,,,,,,,,,,,,,,,,,,,,,,,,,,,,,,,,
,,,,,,,,,,,,,,,,,,,,,,,,,,,,,,,,,,,
,,,,,,,,,,,,,,,,,,,,,,,,,,,,,,,,,,,
,,,,,,,,,,,,,,,,,,,,,,,,,,,,,,,,,,,
,,,,,,,,,,,,,,,,,,,,,,,,,,,,,,,,,,,
,,,,,,,,,,,,,,,,,,,,,,,,,,,,,,,,,,,
,,,,,,,,,,,,,,,,,,,,,,,,,,,,,,,,,,,
,,,,,,,,,,,,,,,,,,,,,,,,,,,,,,,,,,,
,,,,,,,,,,,,,,,,,,,,,,,,,,,,,,,,,,,
,,,,,,,,,,,,,,,,,,,,,,,,,,,,,,,,,,,
